deal_id,rep_id,product_id,deal_amount,stage,source,created_date,closed_date,win_probability
1,81,7,602644.07,Closed Lost,Referral,2023-02-15,2025-04-27,0
2,58,18,205619.76,Closed Won,Referral,2024-04-27,2025-02-28,82
3,45,10,527056.52,Closed Lost,Inbound,2023-03-07,2024-05-03,0
4,83,7,82321.37,Closed Won,Outbound,2023-07-07,2023-12-18,28
5,36,42,12411.21,Prospecting,Inbound,2024-12-02,,42
6,85,24,156843.07,Proposal,Referral,2023-02-22,,15
7,96,28,13040.06,Qualification,Cold Call,2024-08-22,,56
8,61,26,130221.9,Prospecting,Outbound,2025-02-18,,54
9,1,29,251001.56,Closed Won,Partner,2024-04-19,2023-09-27,13
10,26,41,313946.73,Qualification,Outbound,2023-09-22,,84
11,48,37,502318.1,Qualification,Outbound,2024-01-09,,77
12,7,27,459191.42,Closed Won,Outbound,2024-01-02,2023-07-25,34
13,91,19,397339.59,Proposal,Inbound,2023-08-04,,25
14,61,24,531489.56,Closed Won,Outbound,2025-01-21,2024-03-29,84
15,17,7,1474622.83,Negotiation,Referral,2023-01-29,,53
16,93,2,46881.63,Proposal,Partner,2024-01-12,,52
17,74,2,388910.3,Qualification,Referral,2023-07-14,,46
18,41,44,143964.94,Closed Won,Referral,2023-01-28,2024-10-24,47
19,73,49,317346.89,Qualification,Inbound,2025-01-03,,88
20,51,46,1067326.4,Negotiation,Outbound,2023-11-10,,49
21,93,23,705762.35,Closed Lost,Event,2024-06-11,2023-12-08,0
22,72,29,915278.06,Proposal,Event,2024-03-18,,46
23,20,22,495892.28,Closed Won,Cold Call,2024-07-29,2025-06-12,83
24,36,25,164221.69,Closed Won,Outbound,2024-01-16,2024-03-09,63
25,73,25,247842.34,Prospecting,Outbound,2024-11-06,,63
26,62,28,165537.64,Negotiation,Outbound,2023-07-08,,52
27,99,17,319653.96,Qualification,Partner,2024-05-03,,43
28,47,16,854080.92,Negotiation,Event,2024-02-10,,49
29,98,34,25808.05,Closed Won,Inbound,2024-08-27,2023-04-05,85
30,89,5,432460.53,Proposal,Outbound,2024-02-13,,53
31,57,39,350128.96,Closed Won,Cold Call,2023-03-19,2024-03-25,13
32,42,27,411208.9,Closed Lost,Partner,2024-09-17,2024-01-25,0
33,14,4,121326.83,Closed Won,Referral,2024-06-16,2025-05-09,11
34,80,46,541524.89,Qualification,Referral,2023-08-04,,77
35,12,25,610812.19,Prospecting,Cold Call,2024-04-01,,97
36,73,10,1123107.06,Prospecting,Referral,2024-08-08,,81
37,15,1,1224883.37,Negotiation,Partner,2024-11-07,,75
38,75,33,1209470.17,Negotiation,Outbound,2024-07-18,,99
39,98,40,955430.38,Proposal,Referral,2023-05-08,,58
40,77,6,419370.12,Proposal,Cold Call,2023-09-30,,41
41,51,41,434684.75,Prospecting,Inbound,2025-02-06,,99
42,79,34,71145.65,Closed Won,Referral,2024-01-09,2023-08-10,15
43,53,36,50761.76,Proposal,Partner,2024-08-18,,23
44,2,32,113405.93,Qualification,Referral,2023-12-11,,91
45,74,9,966194.4,Qualification,Outbound,2023-12-26,,23
46,68,31,300195.08,Qualification,Partner,2023-12-26,,65
47,70,32,11625.41,Prospecting,Partner,2025-02-11,,75
48,93,2,313902.35,Closed Won,Outbound,2023-02-27,2023-12-26,69
49,49,3,794786.63,Prospecting,Inbound,2023-02-15,,79
50,36,11,143592.66,Proposal,Outbound,2023-08-26,,26
51,52,1,380623.58,Closed Won,Event,2024-08-26,2024-07-11,18
52,4,48,131192.89,Negotiation,Partner,2023-08-15,,30
53,38,17,427976.17,Proposal,Inbound,2024-06-25,,45
54,32,13,79334.83,Closed Won,Outbound,2024-11-11,2023-06-23,37
55,1,40,173464.73,Proposal,Event,2024-12-30,,63
56,52,26,353163.9,Qualification,Cold Call,2024-12-13,,45
57,78,7,779799.96,Closed Won,Partner,2023-06-10,2025-02-22,59
58,36,40,1116608.36,Proposal,Partner,2023-07-30,,86
59,58,47,525189.04,Proposal,Event,2024-12-01,,61
60,42,16,1126194.55,Negotiation,Inbound,2023-03-08,,85
61,45,22,956023.67,Negotiation,Inbound,2023-06-06,,36
62,85,3,1902693.28,Qualification,Partner,2023-12-14,,83
63,51,5,876781.19,Qualification,Partner,2025-01-02,,51
64,26,1,484919.2,Closed Won,Outbound,2024-01-04,2025-04-16,40
65,46,25,327997.96,Closed Lost,Inbound,2023-08-23,2024-05-27,0
66,65,47,123063.67,Closed Won,Referral,2024-04-21,2023-11-23,29
67,90,13,32921.73,Negotiation,Event,2024-08-27,,20
68,65,7,110384.28,Qualification,Inbound,2023-02-13,,31
69,2,24,90590.56,Proposal,Cold Call,2024-10-17,,54
70,29,4,595194.15,Closed Won,Outbound,2023-03-04,2023-02-22,90
71,95,34,29909.82,Proposal,Partner,2024-06-20,,46
72,23,1,1019564.17,Closed Won,Inbound,2023-11-18,2024-02-13,10
73,97,33,209017.95,Closed Won,Outbound,2024-02-12,2025-04-14,77
74,13,40,295778.6,Prospecting,Referral,2023-04-17,,93
75,73,19,484735.61,Closed Won,Outbound,2025-01-12,2024-09-26,94
76,99,2,301917.11,Closed Won,Outbound,2024-07-27,2023-04-08,66
77,77,25,985445.32,Closed Won,Inbound,2023-01-08,2023-12-12,42
78,84,20,235455.19,Prospecting,Event,2024-11-27,,54
79,94,49,486138.65,Negotiation,Outbound,2023-01-01,,14
80,19,11,416411.47,Closed Won,Partner,2024-01-23,2024-11-29,68
81,52,38,340594.04,Qualification,Referral,2023-12-27,,100
82,80,20,206711.28,Proposal,Referral,2023-07-15,,64
83,19,17,153207.51,Closed Lost,Partner,2023-11-04,2023-12-21,0
84,75,28,29721.34,Prospecting,Referral,2024-11-05,,76
85,34,13,49933.39,Prospecting,Event,2025-01-10,,65
86,73,8,1077303.61,Qualification,Cold Call,2025-03-22,,62
87,11,20,368268.12,Qualification,Partner,2024-07-12,,78
88,44,16,659899.74,Qualification,Event,2024-02-08,,93
89,9,7,551552.64,Closed Won,Outbound,2024-09-18,2024-01-17,61
90,41,18,396423.69,Proposal,Referral,2023-07-02,,89
91,9,25,1143355.83,Prospecting,Event,2023-01-29,,31
92,32,19,79081.35,Proposal,Event,2024-12-24,,15
93,3,48,38850.83,Closed Won,Partner,2024-09-16,2024-07-22,49
94,10,42,15484.81,Qualification,Partner,2023-03-19,,96
95,48,42,62402.07,Negotiation,Partner,2023-02-20,,78
96,23,17,156769.04,Closed Won,Outbound,2024-07-26,2023-07-05,85
97,25,42,127969.66,Proposal,Partner,2023-03-31,,75
98,73,48,95772.76,Negotiation,Inbound,2024-11-11,,46
99,19,22,955882.21,Proposal,Event,2024-06-08,,41
100,93,49,219820.86,Proposal,Partner,2024-10-06,,61
101,41,32,156331.07,Closed Won,Outbound,2023-09-04,2025-01-27,72
102,2,28,264380.66,Negotiation,Outbound,2025-01-09,,76
103,91,19,969249.95,Closed Won,Partner,2023-06-27,2025-02-20,60
104,80,35,101533.1,Closed Lost,Event,2023-11-26,2024-07-31,0
105,48,45,1096980.65,Closed Won,Partner,2023-05-07,2023-03-10,40
106,46,19,926463.11,Closed Won,Outbound,2023-12-17,2023-10-28,82
107,42,30,581501.43,Negotiation,Outbound,2024-11-12,,65
108,84,45,1599710.04,Prospecting,Event,2025-03-10,,82
109,80,25,537609.57,Closed Lost,Referral,2025-03-15,2023-04-03,0
110,28,19,603267.31,Qualification,Event,2024-11-28,,99
111,75,33,296618.93,Closed Won,Inbound,2023-07-18,2023-07-16,28
112,67,24,146793.11,Closed Won,Event,2024-07-02,2025-06-14,94
113,34,28,82398.97,Closed Won,Event,2024-11-02,2024-01-25,64
114,77,32,130179.72,Closed Won,Cold Call,2023-02-28,2024-10-10,25
115,20,18,67036.41,Closed Lost,Outbound,2023-09-15,2023-10-25,0
116,8,36,156844.64,Negotiation,Inbound,2025-03-27,,40
117,82,29,781224.79,Qualification,Event,2024-08-13,,79
118,14,43,302378.96,Proposal,Inbound,2024-09-15,,52
119,32,18,69807.66,Closed Lost,Partner,2023-08-22,2024-06-15,0
120,68,37,477941.84,Closed Won,Referral,2023-06-15,2023-05-13,65
121,87,50,602227.93,Prospecting,Event,2025-03-30,,93
122,20,47,192028.26,Closed Won,Outbound,2024-10-07,2025-05-11,84
123,94,37,186040.11,Negotiation,Inbound,2024-10-30,,25
124,66,27,24308.39,Proposal,Outbound,2025-03-04,,86
125,59,39,341413.86,Closed Won,Event,2025-02-16,2025-05-14,45
126,49,26,246429.02,Closed Won,Referral,2023-07-22,2023-06-06,72
127,21,33,1959804.2,Closed Won,Event,2025-01-18,2024-08-29,86
128,5,49,226460.96,Proposal,Inbound,2023-09-10,,41
129,52,50,426610.14,Qualification,Event,2024-09-13,,75
130,3,50,501243.89,Qualification,Referral,2023-01-10,,43
131,60,2,242454.62,Proposal,Partner,2024-03-30,,49
132,25,13,72143.88,Negotiation,Cold Call,2024-09-27,,21
133,21,4,417682.55,Closed Won,Event,2023-01-31,2023-12-04,68
134,83,12,454893.87,Closed Won,Referral,2024-11-16,2025-03-19,70
135,12,42,128586.99,Proposal,Outbound,2024-05-08,,20
136,40,39,124590.7,Closed Won,Event,2023-04-05,2023-07-20,19
137,25,2,197184.49,Closed Won,Event,2024-04-28,2025-03-27,76
138,30,43,192764.38,Proposal,Event,2024-02-12,,48
139,24,9,146775.35,Prospecting,Event,2024-03-12,,14
140,25,50,952236.69,Proposal,Referral,2024-09-04,,14
141,35,6,132732.93,Closed Won,Cold Call,2023-10-20,2024-04-03,58
142,18,20,632248.65,Qualification,Cold Call,2023-09-30,,18
143,19,2,311402.19,Qualification,Partner,2023-06-03,,76
144,95,17,74301.28,Closed Lost,Cold Call,2023-02-08,2023-04-16,0
145,17,40,1684340.69,Closed Won,Outbound,2025-01-29,2023-03-28,27
146,28,35,179347.15,Closed Lost,Cold Call,2023-11-20,2023-04-20,0
147,48,39,178932.22,Prospecting,Referral,2024-06-09,,11
148,58,11,95738.57,Proposal,Inbound,2024-05-21,,68
149,73,26,40794.39,Closed Won,Cold Call,2023-11-08,2025-06-07,82
150,58,32,98251.56,Closed Lost,Referral,2024-11-15,2024-07-11,0
151,74,43,532017.85,Negotiation,Partner,2024-12-29,,24
152,53,26,594023.35,Qualification,Inbound,2023-12-16,,64
153,47,38,531853.0,Closed Won,Partner,2023-04-30,2023-11-11,65
154,86,31,991327.85,Closed Won,Inbound,2023-11-12,2024-07-23,81
155,4,42,35792.4,Negotiation,Event,2024-07-29,,30
156,85,30,59607.22,Closed Won,Cold Call,2023-07-14,2024-02-24,22
157,20,8,1858905.16,Qualification,Inbound,2024-09-29,,65
158,100,35,104251.95,Proposal,Inbound,2023-04-22,,58
159,18,34,58425.31,Negotiation,Cold Call,2023-06-23,,79
160,4,40,216404.03,Closed Won,Event,2024-10-29,2023-02-15,10
161,24,4,168729.83,Proposal,Inbound,2024-09-30,,57
162,89,31,436492.65,Proposal,Event,2024-03-21,,76
163,35,37,188664.87,Closed Won,Outbound,2023-03-25,2023-07-30,17
164,10,3,764378.84,Negotiation,Partner,2023-10-11,,74
165,58,35,30777.44,Proposal,Event,2024-05-07,,94
166,15,12,455303.58,Closed Won,Outbound,2024-08-12,2024-04-30,61
167,73,41,167359.39,Closed Won,Partner,2023-05-10,2023-09-06,37
168,40,20,290011.91,Prospecting,Outbound,2023-09-17,,63
169,25,13,37938.04,Qualification,Outbound,2023-09-05,,40
170,54,16,1080078.3,Closed Lost,Event,2023-10-09,2024-05-02,0
171,62,11,60081.77,Closed Lost,Event,2024-08-11,2023-02-07,0
172,17,4,225295.64,Prospecting,Cold Call,2024-12-03,,15
173,69,40,1450450.78,Closed Won,Partner,2023-01-23,2023-06-01,18
174,41,1,395624.57,Closed Lost,Event,2023-05-04,2023-03-19,0
175,99,38,701499.02,Closed Won,Event,2024-11-27,2023-07-19,21
176,21,5,199134.24,Prospecting,Inbound,2025-01-23,,42
177,84,10,254614.64,Prospecting,Inbound,2024-11-29,,38
178,91,47,442363.09,Proposal,Outbound,2023-06-02,,63
179,19,24,370728.83,Qualification,Partner,2025-03-10,,12
180,39,34,22210.1,Closed Won,Partner,2023-05-06,2023-09-27,84
181,95,27,315442.28,Proposal,Referral,2024-03-18,,34
182,89,41,159710.48,Closed Won,Referral,2024-12-11,2024-07-18,21
183,26,20,338056.04,Closed Won,Inbound,2023-10-25,2024-02-22,92
184,60,24,70893.53,Qualification,Outbound,2024-07-08,,61
185,70,31,666918.56,Qualification,Referral,2024-11-20,,46
186,9,14,248677.58,Closed Won,Outbound,2024-10-07,2023-02-16,84
187,93,1,1001167.92,Closed Won,Event,2024-11-05,2023-03-08,37
188,43,47,56057.2,Closed Won,Partner,2025-03-27,2024-11-07,79
189,90,47,607260.31,Closed Won,Inbound,2023-04-22,2024-09-14,97
190,100,8,127023.34,Qualification,Inbound,2024-03-10,,93
191,5,37,348716.09,Proposal,Outbound,2024-07-22,,71
192,27,49,35652.16,Closed Lost,Referral,2023-03-10,2023-05-18,0
193,27,9,415288.84,Proposal,Event,2024-05-22,,87
194,4,22,915631.42,Closed Won,Referral,2024-11-04,2025-06-16,88
195,38,12,1082195.81,Proposal,Event,2024-04-05,,20
196,77,47,628302.15,Closed Won,Cold Call,2024-03-25,2024-06-17,97
197,44,38,150708.06,Proposal,Outbound,2023-07-10,,11
198,83,46,1092650.34,Proposal,Referral,2023-08-28,,96
199,99,45,572492.58,Closed Lost,Inbound,2025-02-05,2024-11-08,0
200,48,7,1556506.21,Negotiation,Event,2024-02-06,,43
201,45,48,55214.95,Closed Won,Inbound,2023-09-29,2023-09-15,22
202,80,39,103930.44,Closed Won,Event,2023-09-15,2025-06-14,64
203,84,30,137598.81,Negotiation,Event,2023-04-18,,60
204,85,50,338235.56,Closed Lost,Cold Call,2023-08-09,2023-05-22,0
205,26,18,157949.49,Closed Won,Referral,2024-09-10,2023-10-15,16
206,1,47,322693.22,Closed Won,Cold Call,2024-12-15,2024-11-06,11
207,77,42,56382.06,Closed Won,Outbound,2023-04-09,2025-04-03,28
208,1,13,13749.4,Qualification,Outbound,2024-04-23,,74
209,78,7,610069.07,Negotiation,Event,2023-11-24,,62
210,18,15,815175.67,Proposal,Outbound,2023-12-06,,18
211,87,13,14984.52,Qualification,Inbound,2024-11-01,,11
212,66,19,230049.16,Closed Lost,Partner,2024-08-31,2024-11-09,0
213,60,50,655298.16,Closed Lost,Inbound,2023-09-26,2024-02-21,0
214,10,35,388467.0,Closed Won,Cold Call,2025-02-15,2025-02-23,24
215,68,2,316670.45,Prospecting,Outbound,2023-09-07,,50
216,95,2,292170.69,Qualification,Outbound,2025-03-26,,94
217,58,30,1108964.36,Closed Won,Referral,2023-12-09,2023-05-30,28
218,51,46,768345.69,Qualification,Referral,2024-07-25,,33
219,93,29,1567348.71,Proposal,Event,2025-01-16,,46
220,28,23,397888.85,Negotiation,Partner,2023-07-09,,42
221,58,39,245223.1,Proposal,Inbound,2024-11-11,,95
222,67,6,342187.42,Closed Won,Partner,2023-12-25,2024-06-19,58
223,94,24,39900.52,Prospecting,Cold Call,2024-06-11,,46
224,61,14,450546.16,Negotiation,Event,2023-10-06,,77
225,28,21,492257.13,Negotiation,Referral,2023-02-24,,85
226,66,5,405810.07,Closed Won,Referral,2023-11-05,2025-06-05,70
227,20,9,407830.32,Closed Won,Event,2024-01-20,2025-02-20,42
228,72,33,160501.45,Negotiation,Inbound,2024-10-02,,36
229,73,13,14655.44,Proposal,Outbound,2023-05-23,,67
230,100,23,1184699.7,Qualification,Inbound,2024-05-28,,28
231,4,11,54556.82,Prospecting,Event,2024-12-13,,97
232,54,42,133525.02,Proposal,Partner,2023-10-17,,92
233,43,23,190083.63,Prospecting,Cold Call,2024-07-08,,17
234,59,43,191156.05,Qualification,Referral,2024-04-30,,32
235,64,37,369242.07,Proposal,Referral,2024-03-03,,68
236,50,29,917235.59,Proposal,Outbound,2023-06-01,,42
237,37,31,471935.69,Negotiation,Event,2024-02-09,,72
238,29,2,646546.09,Closed Won,Outbound,2023-03-01,2023-09-07,95
239,91,7,1035488.96,Qualification,Referral,2024-12-04,,41
240,37,9,495811.2,Negotiation,Cold Call,2023-08-14,,54
241,81,22,1034312.58,Closed Won,Partner,2023-01-27,2024-01-02,25
242,98,4,190577.46,Closed Won,Partner,2024-03-04,2024-01-06,55
243,32,40,938760.32,Qualification,Referral,2024-12-03,,98
244,9,22,1827245.01,Proposal,Cold Call,2023-01-22,,34
245,95,30,848126.07,Qualification,Event,2023-01-22,,10
246,29,15,303056.85,Closed Won,Cold Call,2023-05-18,2023-05-11,81
247,3,2,735460.42,Closed Won,Inbound,2023-10-09,2023-08-21,50
248,11,26,126447.7,Closed Lost,Cold Call,2023-05-15,2024-06-09,0
249,59,36,259113.88,Negotiation,Cold Call,2023-01-18,,14
250,66,23,540239.95,Closed Won,Outbound,2025-02-13,2023-08-07,26
251,32,33,647705.66,Closed Lost,Cold Call,2024-08-11,2025-03-27,0
252,42,24,51730.01,Closed Won,Partner,2023-03-15,2025-05-13,44
253,78,31,796396.73,Closed Won,Inbound,2023-07-15,2023-02-08,42
254,15,5,160458.07,Closed Won,Partner,2023-06-20,2025-06-24,32
255,73,27,225263.04,Proposal,Event,2025-01-13,,42
256,68,48,90463.87,Negotiation,Outbound,2024-05-22,,79
257,99,32,20996.38,Qualification,Event,2023-07-28,,33
258,50,8,284268.26,Prospecting,Partner,2024-07-25,,98
259,41,24,93976.51,Qualification,Outbound,2023-09-07,,64
260,78,12,2144249.19,Negotiation,Referral,2024-02-14,,76
261,18,47,293288.83,Proposal,Cold Call,2024-07-09,,60
262,78,10,588084.92,Closed Won,Inbound,2023-03-20,2023-04-06,80
263,97,2,529029.86,Prospecting,Referral,2024-11-22,,48
264,14,1,1046173.34,Proposal,Inbound,2025-02-26,,61
265,85,7,184757.0,Closed Won,Inbound,2024-05-21,2024-07-05,52
266,22,29,396417.45,Negotiation,Event,2023-01-18,,56
267,62,20,308878.8,Closed Lost,Event,2024-07-19,2024-07-25,0
268,4,40,339080.82,Negotiation,Outbound,2025-02-25,,12
269,42,5,413640.22,Negotiation,Outbound,2025-01-12,,73
270,69,16,776113.03,Prospecting,Event,2024-07-28,,13
271,32,25,880265.68,Proposal,Event,2024-10-09,,94
272,97,3,651009.89,Closed Won,Cold Call,2023-01-09,2024-11-11,56
273,100,12,1761087.7,Closed Won,Event,2024-05-20,2024-02-22,69
274,52,1,436550.18,Qualification,Inbound,2024-08-06,,88
275,15,26,323186.01,Closed Won,Referral,2024-05-09,2023-07-06,47
276,89,44,75691.6,Proposal,Referral,2024-12-10,,12
277,21,7,128534.12,Closed Won,Partner,2023-09-26,2023-07-16,37
278,58,1,151267.61,Closed Won,Inbound,2025-02-15,2024-09-28,37
279,3,45,1028917.46,Closed Won,Partner,2023-01-30,2024-11-12,91
280,28,47,93254.89,Closed Won,Inbound,2024-03-05,2023-04-24,100
281,23,37,107736.58,Closed Won,Inbound,2024-08-20,2023-07-02,26
282,7,35,620596.04,Negotiation,Partner,2024-11-14,,85
283,17,41,230563.68,Closed Won,Outbound,2024-11-09,2023-11-22,81
284,75,4,290173.12,Closed Won,Cold Call,2023-03-08,2025-06-30,87
285,16,28,274041.94,Closed Won,Outbound,2023-05-31,2025-06-14,96
286,31,44,157672.74,Prospecting,Referral,2024-04-15,,32
287,36,31,450721.0,Negotiation,Event,2024-07-13,,62
288,68,32,265900.43,Closed Lost,Cold Call,2024-06-29,2024-07-14,0
289,70,14,264903.78,Qualification,Partner,2024-04-25,,73
290,56,33,839860.01,Closed Lost,Inbound,2023-06-17,2024-08-30,0
291,37,38,231934.37,Qualification,Partner,2023-11-12,,90
292,74,22,329286.86,Proposal,Partner,2023-01-31,,59
293,63,4,70085.45,Prospecting,Cold Call,2024-08-14,,37
294,3,12,799502.63,Prospecting,Cold Call,2024-07-29,,52
295,7,31,630719.42,Negotiation,Partner,2023-09-15,,64
296,28,35,229572.13,Closed Won,Partner,2024-11-08,2024-03-07,30
297,94,44,80665.37,Negotiation,Cold Call,2024-11-22,,38
298,53,23,418579.94,Prospecting,Inbound,2023-03-21,,18
299,100,14,91059.97,Closed Lost,Outbound,2024-09-05,2023-03-17,0
300,76,16,192699.55,Qualification,Referral,2025-01-25,,14
301,61,29,1309069.75,Qualification,Referral,2024-07-08,,77
302,29,40,591127.03,Negotiation,Partner,2023-03-21,,26
303,3,16,231713.45,Negotiation,Referral,2023-05-18,,31
304,27,38,672976.36,Closed Lost,Referral,2023-11-07,2024-06-27,0
305,29,25,470956.51,Proposal,Outbound,2023-11-10,,30
306,5,5,55752.26,Closed Lost,Cold Call,2023-08-10,2024-03-27,0
307,68,43,470963.33,Negotiation,Partner,2023-03-18,,49
308,34,31,87155.32,Qualification,Outbound,2023-07-06,,90
309,66,24,173801.91,Qualification,Inbound,2023-06-26,,25
310,85,6,260326.06,Closed Lost,Referral,2024-10-17,2024-08-18,0
311,78,26,393747.04,Negotiation,Cold Call,2024-03-03,,81
312,60,32,166214.58,Qualification,Outbound,2025-02-24,,19
313,100,23,208613.34,Proposal,Event,2023-07-09,,56
314,86,16,448804.21,Proposal,Partner,2025-01-14,,39
315,25,44,15778.95,Proposal,Event,2023-01-31,,48
316,1,34,20702.26,Negotiation,Cold Call,2025-02-04,,33
317,2,15,160713.52,Closed Won,Cold Call,2024-08-06,2023-02-24,91
318,72,37,224702.44,Negotiation,Outbound,2024-04-12,,39
319,49,46,430083.59,Qualification,Outbound,2023-11-14,,87
320,31,47,330060.51,Closed Won,Event,2024-02-14,2024-12-01,24
321,15,43,143826.48,Closed Lost,Event,2025-03-17,2023-06-05,0
322,13,34,26385.71,Closed Won,Referral,2024-08-06,2023-11-05,49
323,40,41,99200.05,Prospecting,Referral,2025-02-20,,100
324,94,20,843915.27,Negotiation,Inbound,2025-01-04,,57
325,84,43,564397.85,Proposal,Inbound,2025-02-12,,84
326,21,14,132376.56,Closed Lost,Cold Call,2024-03-11,2025-06-18,0
327,63,10,231929.81,Closed Won,Partner,2023-09-02,2023-08-04,66
328,97,19,509203.74,Closed Won,Inbound,2024-08-16,2025-04-16,44
329,46,27,346761.49,Closed Lost,Event,2024-04-16,2024-04-17,0
330,94,15,224196.15,Proposal,Inbound,2024-01-11,,75
331,52,17,484471.58,Proposal,Referral,2023-01-18,,67
332,91,46,625984.42,Closed Won,Inbound,2023-12-20,2025-04-17,93
333,26,27,48210.41,Prospecting,Event,2023-10-21,,11
334,51,26,230502.6,Negotiation,Inbound,2025-02-18,,50
335,12,35,575480.61,Negotiation,Event,2023-03-14,,41
336,18,32,120474.37,Negotiation,Cold Call,2023-05-20,,35
337,3,46,48623.27,Closed Lost,Partner,2024-06-12,2023-02-04,0
338,21,28,242937.77,Closed Won,Inbound,2024-10-19,2024-02-22,15
339,96,19,74112.87,Closed Won,Partner,2024-03-08,2025-05-28,88
340,49,43,69206.41,Qualification,Inbound,2024-02-05,,81
341,23,14,185813.15,Qualification,Inbound,2023-09-25,,33
342,22,25,590946.73,Closed Won,Referral,2024-07-11,2025-04-10,24
343,47,41,213894.65,Closed Won,Outbound,2023-05-16,2024-10-31,21
344,46,15,449754.46,Qualification,Outbound,2024-07-31,,83
345,42,35,827100.65,Closed Lost,Referral,2024-01-19,2023-06-29,0
346,74,50,264662.75,Qualification,Referral,2024-11-07,,75
347,22,16,310546.06,Proposal,Inbound,2024-07-05,,93
348,1,36,31012.9,Closed Won,Event,2024-04-07,2023-05-12,93
349,11,25,862718.31,Closed Won,Inbound,2023-04-14,2023-11-02,30
350,100,22,322326.04,Prospecting,Event,2025-02-05,,30
351,6,5,331901.26,Closed Won,Cold Call,2023-08-31,2023-05-04,62
352,50,6,36757.33,Proposal,Inbound,2024-12-02,,34
353,73,31,681339.42,Closed Won,Inbound,2023-04-03,2024-02-22,89
354,48,6,370997.36,Qualification,Event,2024-03-01,,19
355,15,8,1283614.42,Closed Won,Partner,2023-12-05,2024-08-06,10
356,65,45,48646.93,Closed Lost,Outbound,2023-06-24,2025-03-19,0
357,18,48,151455.64,Prospecting,Event,2024-05-08,,46
358,93,37,105787.39,Closed Won,Event,2023-07-08,2024-03-01,29
359,98,17,257783.82,Closed Won,Cold Call,2023-08-31,2023-03-25,44
360,61,36,31828.95,Proposal,Referral,2024-10-22,,66
361,37,47,235007.22,Negotiation,Event,2024-02-27,,25
362,68,38,357521.6,Qualification,Partner,2023-03-12,,91
363,10,33,696916.62,Closed Lost,Referral,2023-01-04,2025-05-08,0
364,25,6,1019398.35,Closed Won,Inbound,2024-06-07,2023-06-15,39
365,54,26,311249.6,Proposal,Partner,2023-06-30,,31
366,71,28,287097.24,Closed Lost,Referral,2024-01-12,2024-06-08,0
367,82,43,198872.41,Closed Won,Partner,2024-08-24,2023-04-13,83
368,1,10,2010686.04,Closed Lost,Inbound,2023-10-28,2025-04-03,0
369,5,45,115266.37,Closed Won,Outbound,2024-12-08,2023-07-08,57
370,99,40,602991.7,Closed Won,Event,2024-08-17,2023-03-25,78
371,89,5,50474.03,Qualification,Cold Call,2025-03-27,,66
372,59,45,1216482.63,Proposal,Referral,2024-04-06,,41
373,89,8,757958.16,Proposal,Cold Call,2024-09-16,,59
374,30,5,32369.08,Proposal,Referral,2024-01-11,,42
375,80,39,280675.97,Qualification,Referral,2025-01-09,,88
376,26,15,145651.24,Negotiation,Outbound,2024-09-08,,65
377,25,40,1830718.93,Qualification,Event,2023-02-14,,61
378,24,16,766311.3,Proposal,Cold Call,2025-03-02,,88
379,47,33,547317.29,Closed Won,Cold Call,2023-12-03,2023-03-09,15
380,100,27,226754.08,Closed Won,Event,2024-09-18,2023-11-12,57
381,25,10,897464.89,Closed Won,Referral,2023-12-09,2024-09-26,26
382,41,33,654317.46,Closed Lost,Outbound,2023-05-22,2024-11-22,0
383,64,34,16713.84,Closed Won,Inbound,2024-05-31,2023-04-22,39
384,41,18,500569.14,Prospecting,Cold Call,2025-01-28,,84
385,34,43,826385.6,Closed Won,Partner,2024-11-29,2024-04-24,32
386,92,30,868109.92,Prospecting,Partner,2024-12-06,,50
387,54,8,232977.3,Closed Won,Cold Call,2023-03-07,2023-08-14,31
388,44,10,2279506.72,Closed Lost,Event,2023-11-03,2024-03-22,0
389,71,7,357116.3,Proposal,Inbound,2023-07-08,,19
390,48,8,565998.69,Closed Won,Cold Call,2025-03-02,2024-07-02,27
391,55,34,47827.37,Proposal,Cold Call,2023-12-05,,52
392,43,10,234056.89,Closed Won,Cold Call,2024-09-17,2024-03-20,75
393,85,7,169062.96,Qualification,Cold Call,2024-07-22,,84
394,32,5,538810.97,Closed Won,Outbound,2023-04-13,2023-08-11,91
395,96,34,44159.44,Qualification,Partner,2023-01-11,,95
396,74,6,151454.56,Closed Won,Inbound,2023-07-06,2023-11-24,44
397,41,49,294968.76,Closed Won,Event,2024-02-26,2024-08-08,12
398,36,21,149740.24,Qualification,Cold Call,2023-05-25,,29
399,78,12,430404.79,Prospecting,Cold Call,2025-01-12,,49
400,11,18,125105.37,Closed Won,Outbound,2023-05-03,2023-08-24,93
401,53,11,456118.56,Closed Lost,Inbound,2024-12-14,2024-01-18,0
402,59,47,93575.07,Negotiation,Outbound,2024-11-27,,75
403,15,11,178213.16,Proposal,Cold Call,2024-05-04,,84
404,57,35,360339.32,Closed Lost,Cold Call,2024-05-17,2025-01-31,0
405,55,26,166712.04,Closed Won,Referral,2023-10-06,2025-01-14,64
406,14,23,878668.68,Closed Won,Inbound,2025-01-16,2025-06-25,60
407,63,38,112967.97,Closed Won,Partner,2025-02-04,2024-06-18,41
408,23,8,557768.15,Negotiation,Cold Call,2024-10-21,,11
409,98,15,282697.77,Proposal,Outbound,2023-11-23,,86
410,41,37,113916.61,Negotiation,Partner,2023-10-09,,74
411,27,47,363628.33,Closed Won,Outbound,2024-01-20,2023-05-09,83
412,49,12,733577.18,Prospecting,Cold Call,2024-09-11,,13
413,21,21,865227.96,Negotiation,Partner,2023-03-12,,99
414,93,27,451000.09,Negotiation,Partner,2023-05-29,,68
415,91,37,200786.86,Proposal,Cold Call,2025-03-17,,98
416,86,32,249937.56,Qualification,Event,2024-01-17,,88
417,17,45,416304.37,Proposal,Inbound,2023-08-27,,40
418,2,38,462695.83,Closed Lost,Event,2024-04-26,2025-04-21,0
419,93,37,110775.78,Closed Lost,Partner,2024-10-04,2024-09-04,0
420,95,42,148321.29,Prospecting,Partner,2024-09-19,,23
421,37,36,113058.23,Proposal,Cold Call,2023-10-01,,54
422,66,36,315917.24,Qualification,Cold Call,2023-12-26,,85
423,47,6,241626.11,Qualification,Event,2025-03-01,,12
424,12,48,159687.65,Negotiation,Partner,2023-07-01,,46
425,87,15,170180.09,Qualification,Cold Call,2023-11-16,,32
426,70,39,197565.36,Closed Won,Partner,2023-09-21,2024-07-28,22
427,64,16,372255.93,Closed Lost,Partner,2024-06-14,2024-05-20,0
428,13,50,178434.34,Negotiation,Outbound,2023-10-30,,84
429,36,33,1233181.38,Closed Won,Event,2025-03-23,2025-03-01,25
430,35,9,388383.44,Proposal,Event,2023-05-04,,73
431,58,32,94725.62,Proposal,Referral,2023-08-26,,96
432,90,46,96387.68,Qualification,Partner,2023-08-14,,75
433,89,30,767669.82,Closed Won,Referral,2023-05-14,2024-09-19,69
434,64,35,358822.54,Closed Won,Inbound,2023-04-23,2023-02-27,19
435,80,20,217046.61,Proposal,Inbound,2023-09-08,,34
436,73,50,419707.16,Closed Won,Partner,2024-01-14,2023-02-14,87
437,33,10,379839.82,Closed Lost,Event,2023-09-25,2025-04-22,0
438,19,23,142487.31,Qualification,Referral,2023-08-18,,98
439,8,18,99476.18,Negotiation,Referral,2025-01-05,,94
440,30,21,1472788.72,Closed Won,Referral,2024-11-21,2023-10-28,73
441,92,9,379407.85,Qualification,Inbound,2023-07-23,,78
442,55,23,551045.17,Closed Won,Referral,2024-07-27,2024-01-13,67
443,53,31,1083279.81,Proposal,Outbound,2024-07-10,,51
444,91,28,129750.36,Closed Won,Cold Call,2023-06-15,2024-07-12,64
445,60,27,27740.24,Closed Won,Partner,2024-09-10,2024-02-22,78
446,52,9,161113.17,Closed Won,Partner,2023-06-17,2023-04-17,92
447,45,3,471539.92,Closed Won,Referral,2025-03-19,2023-05-26,21
448,95,20,401727.98,Qualification,Outbound,2024-08-15,,44
449,68,11,179293.17,Closed Lost,Referral,2024-12-19,2023-11-22,0
450,77,30,210396.49,Proposal,Event,2023-06-02,,43
451,75,23,908524.91,Closed Lost,Outbound,2023-07-12,2023-04-15,0
452,24,17,554534.55,Negotiation,Outbound,2025-02-02,,65
453,64,41,62399.54,Proposal,Partner,2024-12-22,,16
454,24,47,739966.25,Closed Won,Cold Call,2023-06-13,2025-04-16,55
455,7,5,144656.63,Proposal,Outbound,2024-09-13,,31
456,30,16,197828.16,Qualification,Event,2025-03-06,,38
457,62,45,199453.82,Prospecting,Partner,2023-07-16,,50
458,49,39,249437.01,Proposal,Event,2024-11-14,,57
459,19,32,33428.67,Prospecting,Cold Call,2023-08-06,,87
460,30,11,125750.75,Closed Won,Partner,2023-12-15,2023-12-11,70
461,35,24,139397.82,Closed Won,Referral,2025-01-10,2023-04-17,59
462,89,27,33105.98,Proposal,Outbound,2023-04-27,,27
463,69,1,299738.52,Closed Won,Outbound,2023-02-11,2025-05-16,92
464,3,18,192706.17,Proposal,Cold Call,2024-04-06,,94
465,98,49,486542.5,Negotiation,Inbound,2024-03-27,,85
466,63,19,743151.34,Qualification,Cold Call,2024-02-22,,31
467,38,10,571041.34,Proposal,Inbound,2023-04-06,,70
468,41,37,370243.37,Closed Won,Referral,2023-03-31,2023-03-05,90
469,84,33,298918.92,Closed Won,Referral,2024-07-22,2023-09-28,23
470,8,5,99134.06,Negotiation,Outbound,2024-10-03,,46
471,31,5,45410.26,Closed Won,Outbound,2023-09-29,2023-11-02,71
472,98,16,1285713.37,Proposal,Partner,2025-02-03,,31
473,43,10,630085.27,Negotiation,Outbound,2023-04-09,,14
474,32,49,673304.44,Closed Won,Partner,2023-11-14,2023-07-01,49
475,81,43,787104.93,Negotiation,Partner,2023-01-14,,45
476,25,33,1270378.39,Closed Won,Event,2024-12-04,2023-12-10,11
477,52,48,417358.37,Qualification,Referral,2024-09-29,,12
478,54,10,2170106.89,Closed Won,Cold Call,2025-03-24,2024-01-21,79
479,37,32,282023.01,Proposal,Partner,2023-11-27,,51
480,38,19,402715.49,Closed Won,Inbound,2025-03-30,2023-03-13,78
481,43,26,239233.26,Closed Won,Referral,2023-10-20,2024-06-22,70
482,69,9,337134.96,Closed Lost,Inbound,2023-03-19,2023-08-13,0
483,44,32,157889.82,Closed Won,Partner,2025-02-26,2023-10-06,70
484,25,39,130387.56,Closed Won,Referral,2025-01-24,2024-01-20,97
485,89,40,1173931.84,Proposal,Inbound,2023-07-16,,26
486,7,20,147926.17,Proposal,Outbound,2023-03-01,,51
487,25,47,821976.68,Closed Won,Event,2023-05-29,2023-08-04,11
488,99,2,896390.83,Closed Won,Outbound,2023-06-17,2023-04-20,50
489,22,30,109863.19,Prospecting,Referral,2025-02-19,,56
490,71,50,39713.28,Proposal,Inbound,2023-11-16,,72
491,37,3,1444734.34,Proposal,Inbound,2023-02-08,,37
492,35,8,515864.02,Closed Lost,Inbound,2024-12-01,2023-12-25,0
493,13,1,212108.86,Qualification,Cold Call,2025-01-30,,37
494,50,47,226767.79,Negotiation,Inbound,2024-07-08,,43
495,23,38,247899.35,Proposal,Event,2024-09-24,,84
496,13,44,232434.18,Qualification,Outbound,2024-01-27,,10
497,56,9,1208769.27,Proposal,Partner,2024-09-18,,88
498,66,38,171140.73,Closed Lost,Cold Call,2024-02-24,2024-09-03,0
499,50,3,608391.72,Proposal,Referral,2024-02-16,,92
500,8,41,543909.75,Closed Won,Event,2024-04-29,2023-12-16,70
501,52,12,391747.86,Proposal,Referral,2023-10-19,,13
502,52,6,67812.2,Qualification,Cold Call,2023-03-05,,28
503,62,16,1298424.88,Qualification,Event,2024-03-24,,88
504,92,1,161955.27,Prospecting,Partner,2023-02-27,,33
505,66,12,357256.86,Proposal,Referral,2023-02-06,,41
506,93,25,1844918.94,Closed Won,Cold Call,2024-09-21,2023-04-08,73
507,66,22,1085114.15,Closed Won,Cold Call,2023-12-15,2023-09-20,66
508,63,2,477375.54,Proposal,Outbound,2023-04-04,,11
509,2,6,383969.63,Qualification,Inbound,2023-09-08,,82
510,40,24,110925.63,Prospecting,Outbound,2023-03-20,,74
511,72,10,752994.41,Closed Lost,Referral,2024-03-13,2023-05-25,0
512,100,30,1543916.6,Qualification,Referral,2024-10-31,,93
513,99,3,808903.24,Negotiation,Inbound,2023-06-03,,84
514,76,30,1818111.37,Closed Won,Outbound,2025-01-18,2024-03-04,71
515,86,49,357722.71,Proposal,Partner,2024-06-01,,24
516,15,9,281341.42,Closed Won,Inbound,2025-01-29,2025-02-03,36
517,46,41,99531.67,Closed Won,Referral,2023-06-29,2024-07-24,92
518,47,14,50029.93,Proposal,Event,2024-12-19,,66
519,46,5,102035.38,Negotiation,Event,2023-01-11,,29
520,12,2,141489.12,Qualification,Partner,2023-11-12,,59
521,17,43,122242.72,Proposal,Referral,2024-04-13,,77
522,62,27,601542.1,Proposal,Referral,2023-03-25,,70
523,66,7,1109653.87,Closed Won,Event,2023-12-21,2024-05-13,54
524,58,28,45162.73,Proposal,Event,2024-09-30,,70
525,41,40,737370.08,Negotiation,Inbound,2025-03-13,,96
526,21,4,507645.88,Closed Lost,Event,2025-01-26,2023-10-14,0
527,19,47,431695.37,Prospecting,Inbound,2024-04-18,,94
528,39,15,108065.59,Negotiation,Inbound,2024-07-05,,33
529,48,33,553925.67,Prospecting,Referral,2023-12-21,,96
530,69,6,108325.96,Closed Won,Outbound,2024-12-30,2023-07-21,89
531,59,18,487201.35,Prospecting,Referral,2025-03-16,,85
532,56,30,238124.69,Qualification,Outbound,2024-06-17,,79
533,100,7,1478461.59,Proposal,Inbound,2023-05-03,,93
534,79,41,415624.92,Closed Lost,Referral,2023-12-27,2024-02-29,0
535,86,46,419629.41,Qualification,Inbound,2023-05-30,,24
536,69,38,417751.24,Closed Won,Event,2024-07-11,2024-11-27,61
537,72,44,460100.87,Proposal,Outbound,2025-02-03,,28
538,22,10,341365.34,Closed Lost,Outbound,2023-01-04,2024-03-24,0
539,62,41,102148.09,Prospecting,Cold Call,2023-03-29,,94
540,42,35,464098.64,Closed Won,Partner,2023-08-03,2023-11-01,62
541,99,49,64344.0,Closed Won,Outbound,2024-12-11,2024-02-15,40
542,20,5,174105.59,Closed Won,Event,2024-02-16,2024-02-20,41
543,20,37,272964.23,Closed Won,Partner,2023-05-17,2024-08-02,100
544,97,30,694824.62,Negotiation,Cold Call,2025-03-26,,99
545,18,30,838592.12,Closed Won,Event,2023-03-20,2025-01-17,16
546,100,10,2718498.01,Proposal,Cold Call,2023-11-10,,87
547,11,44,255115.91,Proposal,Event,2025-01-19,,69
548,69,42,19270.11,Qualification,Partner,2024-09-27,,91
549,58,4,425577.66,Proposal,Referral,2024-10-13,,92
550,27,33,555460.49,Closed Won,Cold Call,2023-01-28,2024-10-11,58
551,86,20,100181.05,Prospecting,Partner,2023-09-03,,67
552,100,11,18652.45,Closed Won,Partner,2023-02-10,2024-05-10,78
553,8,41,396081.55,Proposal,Inbound,2023-03-30,,47
554,59,41,271223.68,Prospecting,Inbound,2025-01-10,,64
555,79,16,370277.73,Prospecting,Cold Call,2025-03-04,,40
556,39,14,573650.25,Prospecting,Outbound,2024-05-20,,88
557,75,8,396971.23,Closed Won,Referral,2024-02-12,2023-08-25,39
558,8,26,341414.61,Closed Lost,Event,2024-11-18,2023-10-09,0
559,26,19,335953.78,Qualification,Inbound,2025-01-24,,73
560,61,49,237921.54,Proposal,Inbound,2024-09-20,,27
561,30,11,81150.33,Negotiation,Referral,2023-04-22,,14
562,31,35,850106.73,Negotiation,Cold Call,2024-02-27,,80
563,72,48,35795.33,Closed Won,Inbound,2023-04-10,2023-12-31,11
564,52,14,263389.48,Closed Won,Outbound,2025-01-08,2024-02-27,58
565,67,50,727058.07,Negotiation,Referral,2024-04-17,,100
566,66,42,62087.79,Closed Won,Event,2023-11-14,2024-12-20,97
567,46,2,585278.43,Prospecting,Partner,2023-07-01,,55
568,61,8,1707288.86,Prospecting,Partner,2023-11-09,,94
569,59,34,50253.33,Closed Won,Partner,2023-03-23,2024-03-28,40
570,57,1,533259.98,Qualification,Partner,2024-02-05,,98
571,45,27,353609.18,Proposal,Event,2024-06-19,,72
572,54,18,621701.97,Proposal,Referral,2023-07-04,,29
573,33,25,1142113.93,Qualification,Referral,2023-05-29,,49
574,73,42,71487.39,Prospecting,Partner,2025-02-16,,74
575,60,40,1461574.6,Closed Won,Event,2023-05-27,2025-02-02,53
576,98,20,823525.13,Closed Won,Referral,2023-07-21,2025-06-29,28
577,45,13,44987.56,Closed Lost,Referral,2025-01-16,2025-04-17,0
578,8,16,993121.78,Qualification,Partner,2023-03-05,,20
579,38,39,95743.9,Negotiation,Cold Call,2025-01-03,,17
580,72,31,176394.74,Prospecting,Outbound,2024-11-30,,59
581,35,44,103885.86,Qualification,Event,2023-02-18,,82
582,78,34,21580.68,Prospecting,Partner,2023-03-03,,57
583,19,19,475270.96,Proposal,Cold Call,2023-07-23,,67
584,11,26,145404.46,Proposal,Cold Call,2023-06-24,,56
585,1,40,338617.85,Prospecting,Cold Call,2024-08-24,,59
586,64,13,25739.86,Prospecting,Partner,2025-02-21,,46
587,97,39,196292.21,Proposal,Partner,2024-11-22,,16
588,6,49,363690.0,Closed Won,Outbound,2025-02-25,2024-04-03,94
589,85,36,130754.41,Closed Won,Referral,2023-11-06,2023-02-08,63
590,5,30,1308811.59,Closed Won,Inbound,2024-09-26,2024-01-15,61
591,58,33,499345.51,Prospecting,Event,2024-08-24,,24
592,35,31,997211.72,Negotiation,Inbound,2023-04-11,,50
593,47,50,177948.53,Closed Won,Outbound,2024-06-27,2025-04-21,25
594,74,38,984933.16,Closed Lost,Referral,2024-08-09,2023-04-13,0
595,93,22,1379580.67,Qualification,Event,2023-04-22,,81
596,2,11,94124.07,Closed Won,Cold Call,2024-03-17,2023-06-22,26
597,81,40,707193.76,Closed Lost,Outbound,2024-06-29,2025-04-03,0
598,76,7,185944.21,Qualification,Inbound,2023-07-19,,89
599,70,40,259932.62,Proposal,Cold Call,2024-07-26,,96
600,53,21,1429391.42,Closed Won,Outbound,2025-02-24,2023-05-13,29
601,40,6,656090.09,Prospecting,Event,2024-05-27,,77
602,73,38,1044349.99,Negotiation,Outbound,2023-09-11,,24
603,32,36,91120.16,Proposal,Event,2023-01-20,,76
604,30,42,35973.31,Qualification,Event,2025-02-01,,95
605,68,23,1018781.19,Proposal,Inbound,2024-07-21,,95
606,57,7,397523.89,Qualification,Event,2024-07-15,,76
607,83,27,68288.54,Closed Won,Outbound,2024-12-15,2024-05-30,54
608,2,42,62045.78,Proposal,Inbound,2024-03-26,,36
609,17,45,1728702.21,Closed Won,Event,2024-03-14,2025-05-19,62
610,90,39,185798.07,Closed Won,Cold Call,2024-07-08,2025-02-27,13
611,89,35,230922.02,Proposal,Partner,2024-03-19,,27
612,93,46,598690.7,Closed Won,Cold Call,2024-02-13,2024-05-31,74
613,3,10,590841.41,Qualification,Event,2025-03-09,,97
614,15,25,881634.19,Proposal,Inbound,2023-01-30,,73
615,87,21,570929.75,Negotiation,Outbound,2025-01-02,,93
616,28,30,609174.74,Qualification,Cold Call,2024-10-02,,29
617,97,45,190018.22,Prospecting,Outbound,2024-04-06,,75
618,100,31,279702.48,Proposal,Cold Call,2023-07-19,,78
619,91,20,439164.18,Closed Lost,Inbound,2024-05-10,2023-10-13,0
620,99,42,74991.76,Closed Won,Inbound,2023-04-29,2023-11-25,35
621,75,34,31695.81,Proposal,Inbound,2024-07-18,,42
622,33,35,233770.25,Proposal,Outbound,2023-03-02,,64
623,19,49,586983.51,Prospecting,Cold Call,2023-05-23,,58
624,56,6,80868.7,Negotiation,Event,2024-10-21,,50
625,70,1,211925.92,Proposal,Referral,2024-05-06,,50
626,94,41,612727.64,Negotiation,Referral,2023-10-02,,25
627,14,41,372798.41,Negotiation,Inbound,2024-12-22,,61
628,3,8,673801.61,Closed Lost,Partner,2025-02-16,2023-09-23,0
629,43,9,899139.68,Closed Won,Outbound,2024-01-02,2025-03-24,51
630,96,41,661044.46,Closed Lost,Partner,2023-05-24,2024-04-02,0
631,52,26,358315.74,Proposal,Outbound,2023-12-03,,78
632,36,49,190207.23,Closed Won,Inbound,2025-02-11,2023-05-03,83
633,10,15,82627.46,Proposal,Partner,2024-04-12,,84
634,34,30,1394747.83,Negotiation,Partner,2024-07-17,,35
635,50,47,317513.12,Closed Won,Partner,2023-12-24,2023-05-30,85
636,22,11,110926.13,Qualification,Partner,2023-11-16,,78
637,17,36,292288.22,Proposal,Event,2023-08-17,,55
638,70,9,459251.41,Negotiation,Partner,2023-05-26,,82
639,22,13,96267.3,Proposal,Inbound,2025-01-25,,98
640,58,5,333836.81,Prospecting,Outbound,2024-02-21,,99
641,93,17,198027.61,Closed Won,Partner,2024-12-16,2025-05-20,57
642,12,49,322956.8,Closed Won,Partner,2024-10-02,2024-11-30,13
643,89,35,97082.43,Prospecting,Referral,2025-03-14,,87
644,52,11,45299.21,Proposal,Cold Call,2025-02-05,,64
645,82,19,624629.12,Proposal,Inbound,2023-12-24,,49
646,35,6,1105610.43,Prospecting,Inbound,2023-07-13,,55
647,81,19,315166.73,Closed Won,Inbound,2025-02-23,2024-02-25,54
648,48,36,189036.27,Closed Lost,Inbound,2023-10-01,2024-07-26,0
649,92,27,90936.01,Qualification,Inbound,2023-11-01,,28
650,21,21,699861.35,Closed Won,Inbound,2024-10-28,2023-07-11,90
651,27,2,350279.99,Proposal,Referral,2024-02-04,,11
652,26,26,207460.51,Proposal,Cold Call,2023-12-26,,41
653,40,10,216128.93,Closed Lost,Cold Call,2023-01-23,2025-06-24,0
654,23,30,715292.78,Qualification,Partner,2023-11-29,,78
655,65,8,244998.04,Closed Won,Partner,2023-03-17,2025-02-06,83
656,21,20,346774.64,Proposal,Outbound,2024-12-14,,76
657,1,6,477731.32,Negotiation,Partner,2024-04-11,,22
658,14,6,93367.99,Proposal,Outbound,2025-02-14,,58
659,1,28,35483.41,Qualification,Partner,2024-02-04,,68
660,63,33,185002.84,Closed Lost,Referral,2023-08-17,2024-12-06,0
661,16,45,381725.54,Closed Lost,Event,2023-10-30,2023-11-07,0
662,16,49,257240.43,Proposal,Event,2024-07-06,,100
663,12,27,330511.7,Proposal,Referral,2024-12-26,,41
664,90,31,662364.92,Negotiation,Referral,2023-01-03,,86
665,50,19,313868.81,Closed Lost,Outbound,2023-06-03,2024-02-20,0
666,71,42,93891.24,Proposal,Partner,2024-01-18,,77
667,47,45,178380.56,Qualification,Referral,2024-07-21,,19
668,55,4,322046.92,Proposal,Event,2023-09-02,,74
669,17,2,217708.84,Closed Won,Inbound,2023-11-24,2025-01-18,34
670,91,13,37317.61,Proposal,Outbound,2024-12-25,,92
671,14,9,451664.92,Proposal,Event,2024-02-11,,52
672,35,17,51771.65,Closed Won,Referral,2024-02-16,2024-06-26,14
673,54,45,916492.76,Qualification,Inbound,2023-10-06,,64
674,63,48,354513.81,Qualification,Referral,2024-12-21,,63
675,70,26,119630.27,Proposal,Referral,2024-07-21,,59
676,30,24,89111.0,Proposal,Inbound,2025-03-23,,10
677,34,12,316123.63,Closed Won,Inbound,2024-02-19,2024-11-25,32
678,59,20,232407.37,Negotiation,Inbound,2023-06-22,,68
679,100,40,277980.94,Closed Lost,Referral,2023-07-05,2024-04-10,0
680,30,5,761467.21,Closed Lost,Outbound,2023-03-02,2024-06-28,0
681,22,34,56100.33,Closed Won,Referral,2024-10-02,2025-01-03,84
682,60,48,167259.32,Qualification,Partner,2024-05-26,,30
683,96,25,1074203.46,Qualification,Partner,2025-03-17,,58
684,40,47,293564.64,Closed Won,Partner,2024-10-07,2024-09-06,57
685,91,40,498022.99,Proposal,Outbound,2024-06-11,,43
686,87,43,44760.98,Closed Won,Event,2024-04-05,2024-01-28,67
687,91,34,7331.92,Prospecting,Partner,2024-07-17,,87
688,62,34,61751.1,Qualification,Outbound,2024-08-12,,31
689,38,9,327583.32,Negotiation,Cold Call,2023-08-15,,76
690,64,43,239498.53,Closed Lost,Referral,2024-02-07,2023-02-24,0
691,66,40,381450.9,Prospecting,Inbound,2023-11-03,,84
692,10,15,265356.35,Qualification,Partner,2024-03-19,,19
693,97,11,163670.99,Negotiation,Outbound,2024-02-24,,26
694,1,15,315345.57,Closed Won,Referral,2025-03-25,2024-04-12,52
695,97,17,106356.62,Closed Won,Event,2023-02-02,2023-12-25,11
696,75,27,87207.98,Closed Won,Inbound,2023-05-26,2024-03-11,90
697,46,7,239879.57,Qualification,Inbound,2024-07-13,,15
698,94,50,290698.23,Closed Won,Event,2024-12-06,2024-06-28,79
699,12,13,138105.43,Closed Won,Partner,2023-11-20,2024-11-07,28
700,97,10,1872934.73,Negotiation,Event,2024-02-18,,82
701,83,11,374005.66,Closed Won,Inbound,2023-05-23,2025-02-24,85
702,57,7,1206550.15,Prospecting,Outbound,2024-09-11,,94
703,52,4,164930.92,Closed Won,Outbound,2024-07-14,2024-05-19,47
704,53,9,1299201.0,Closed Won,Cold Call,2023-06-20,2024-04-30,18
705,85,19,868957.08,Closed Lost,Event,2023-02-24,2023-05-16,0
706,85,13,135008.77,Negotiation,Partner,2024-05-07,,100
707,6,8,78966.05,Proposal,Cold Call,2024-05-03,,16
708,85,39,161577.89,Closed Lost,Cold Call,2023-06-15,2024-07-30,0
709,47,38,271604.33,Closed Won,Outbound,2024-12-28,2023-08-03,68
710,5,37,476446.78,Proposal,Event,2024-03-24,,34
711,33,26,217072.71,Closed Won,Outbound,2024-12-17,2023-11-14,21
712,46,8,1907519.76,Proposal,Referral,2023-07-18,,74
713,75,16,821221.19,Negotiation,Referral,2025-02-03,,26
714,37,35,392783.59,Negotiation,Referral,2025-03-06,,43
715,100,43,986294.71,Qualification,Outbound,2023-06-24,,21
716,64,9,1062209.38,Prospecting,Partner,2025-01-05,,11
717,77,35,451313.64,Negotiation,Event,2023-07-22,,37
718,40,34,2480.98,Closed Won,Referral,2024-06-07,2023-09-06,91
719,44,2,795159.91,Proposal,Outbound,2024-02-28,,43
720,92,49,54354.03,Closed Won,Outbound,2024-09-21,2023-06-07,16
721,73,21,260829.91,Negotiation,Inbound,2024-02-22,,90
722,17,46,536106.01,Prospecting,Partner,2023-08-20,,30
723,74,8,1430987.37,Qualification,Outbound,2024-08-10,,76
724,85,26,54564.15,Prospecting,Outbound,2023-06-15,,80
725,9,29,598571.62,Prospecting,Cold Call,2024-08-03,,85
726,14,26,185879.31,Closed Won,Event,2025-02-20,2024-09-04,55
727,12,27,268205.1,Proposal,Referral,2024-05-03,,96
728,24,36,152182.69,Negotiation,Inbound,2024-09-09,,18
729,58,35,317667.58,Negotiation,Referral,2024-08-24,,95
730,61,43,54446.86,Closed Won,Partner,2023-10-01,2024-11-21,58
731,33,48,193591.96,Closed Won,Partner,2024-06-19,2023-10-04,42
732,51,23,535787.25,Closed Won,Inbound,2023-03-05,2023-11-21,36
733,34,45,178565.06,Proposal,Cold Call,2023-01-23,,29
734,5,20,419884.15,Proposal,Inbound,2024-04-22,,91
735,55,3,1019082.77,Qualification,Outbound,2023-10-11,,38
736,42,7,822529.44,Negotiation,Partner,2023-06-26,,29
737,10,24,57231.89,Closed Won,Partner,2024-01-04,2023-12-19,53
738,91,23,986193.42,Closed Lost,Cold Call,2023-10-04,2024-07-12,0
739,11,23,1134217.48,Negotiation,Referral,2023-10-09,,63
740,28,33,1112552.26,Closed Won,Cold Call,2025-03-28,2023-09-27,31
741,31,34,82871.17,Proposal,Outbound,2023-11-29,,34
742,56,13,125488.86,Closed Lost,Partner,2023-07-06,2024-05-11,0
743,75,25,814896.89,Proposal,Referral,2024-03-14,,52
744,71,31,120645.21,Closed Won,Event,2024-12-24,2024-07-24,100
745,76,22,503912.03,Qualification,Partner,2025-02-11,,43
746,82,48,65639.14,Negotiation,Referral,2024-02-29,,27
747,96,44,187362.53,Closed Won,Cold Call,2024-10-14,2023-11-12,69
748,33,2,88282.17,Closed Won,Inbound,2023-07-04,2023-10-31,58
749,48,29,1460960.83,Qualification,Inbound,2023-06-28,,11
750,52,6,214211.39,Proposal,Partner,2025-03-25,,51
751,21,33,1563216.39,Qualification,Partner,2024-06-19,,45
752,94,15,140932.37,Negotiation,Inbound,2023-04-25,,41
753,83,22,825802.42,Negotiation,Referral,2024-08-21,,41
754,62,8,544043.74,Qualification,Cold Call,2024-03-31,,30
755,63,5,157660.93,Negotiation,Outbound,2023-03-27,,15
756,17,14,89651.55,Closed Won,Event,2023-08-04,2024-05-15,23
757,47,34,44918.6,Prospecting,Inbound,2023-12-13,,71
758,19,48,268871.17,Prospecting,Inbound,2023-07-29,,28
759,86,32,368608.23,Qualification,Partner,2024-10-29,,53
760,41,16,564514.55,Closed Lost,Event,2023-04-09,2023-10-01,0
761,55,26,82547.92,Closed Won,Cold Call,2024-09-30,2025-06-30,12
762,88,3,1399243.38,Proposal,Event,2023-06-22,,66
763,28,6,125215.59,Closed Lost,Inbound,2024-01-13,2023-03-24,0
764,42,16,635554.83,Negotiation,Cold Call,2024-03-17,,13
765,97,50,96495.96,Prospecting,Cold Call,2025-01-07,,22
766,54,21,823963.8,Prospecting,Partner,2024-10-29,,74
767,93,2,478148.53,Closed Won,Cold Call,2024-12-03,2024-06-30,75
768,21,39,200781.96,Proposal,Outbound,2023-02-19,,11
769,80,39,94927.47,Qualification,Partner,2024-02-01,,87
770,98,24,545375.65,Closed Won,Cold Call,2023-01-04,2025-03-03,56
771,66,47,757443.89,Proposal,Referral,2024-03-11,,48
772,73,9,153853.28,Closed Lost,Cold Call,2025-02-25,2025-05-28,0
773,80,49,576408.29,Proposal,Referral,2023-08-29,,88
774,22,18,228907.58,Qualification,Partner,2024-06-12,,50
775,95,22,1040611.95,Closed Won,Cold Call,2024-09-16,2024-05-13,62
776,80,16,703159.26,Negotiation,Outbound,2023-12-13,,27
777,12,33,159150.9,Negotiation,Outbound,2023-10-30,,27
778,86,36,167599.61,Qualification,Inbound,2024-09-09,,44
779,33,4,123082.7,Proposal,Partner,2023-07-12,,71
780,60,45,844006.97,Qualification,Partner,2023-03-02,,47
781,3,14,148704.31,Prospecting,Outbound,2024-04-30,,93
782,56,49,92279.98,Proposal,Inbound,2024-03-29,,81
783,70,37,402983.56,Negotiation,Referral,2023-03-29,,30
784,35,44,185943.39,Prospecting,Referral,2025-02-26,,91
785,94,9,1122445.86,Qualification,Inbound,2023-10-01,,75
786,41,10,258999.23,Negotiation,Inbound,2023-07-04,,13
787,47,46,314623.12,Closed Won,Inbound,2023-06-28,2024-01-01,95
788,33,35,549314.33,Proposal,Partner,2023-08-07,,93
789,89,1,785756.25,Proposal,Inbound,2023-04-23,,64
790,50,17,45160.93,Closed Won,Referral,2024-11-27,2024-07-20,85
791,58,22,1258976.96,Proposal,Inbound,2023-03-15,,10
792,77,28,75975.25,Closed Won,Outbound,2025-03-13,2024-04-22,38
793,33,29,357081.8,Qualification,Referral,2023-03-28,,94
794,85,40,970937.23,Qualification,Partner,2023-06-26,,21
795,31,31,592758.04,Closed Won,Inbound,2024-03-27,2023-10-31,50
796,92,29,559163.68,Prospecting,Partner,2023-06-16,,13
797,54,13,105732.22,Closed Won,Outbound,2023-09-28,2023-05-21,96
798,43,31,611140.69,Closed Lost,Cold Call,2024-04-06,2024-04-17,0
799,74,10,777941.75,Closed Won,Partner,2023-05-19,2024-06-05,18
800,34,1,543275.72,Closed Lost,Partner,2025-02-22,2024-08-03,0
801,33,1,912540.54,Negotiation,Event,2023-11-07,,53
802,48,6,343522.81,Proposal,Cold Call,2023-01-04,,96
803,85,19,357183.9,Proposal,Event,2024-10-03,,56
804,38,12,950845.2,Closed Won,Referral,2023-09-01,2024-07-30,37
805,72,5,403009.04,Closed Won,Referral,2023-09-19,2024-11-18,69
806,43,26,452730.32,Prospecting,Outbound,2024-09-25,,81
807,70,1,725369.46,Closed Won,Event,2023-04-06,2023-04-04,94
808,27,7,1124512.06,Negotiation,Cold Call,2023-07-16,,62
809,26,28,383838.75,Closed Won,Inbound,2023-10-27,2024-08-24,44
810,46,35,887919.2,Qualification,Referral,2024-05-25,,61
811,73,47,311514.71,Qualification,Event,2024-02-20,,17
812,81,15,540373.03,Closed Won,Referral,2024-10-22,2025-02-14,70
813,53,37,557095.8,Closed Won,Partner,2023-08-10,2023-10-17,66
814,33,11,119589.12,Closed Won,Inbound,2023-04-15,2023-05-28,55
815,29,26,144094.62,Prospecting,Inbound,2023-07-30,,84
816,43,44,124388.12,Closed Won,Event,2024-02-27,2024-11-30,71
817,57,6,136012.2,Proposal,Outbound,2024-05-31,,61
818,41,28,132138.19,Closed Won,Event,2024-01-09,2023-08-12,36
819,10,15,173340.48,Closed Lost,Outbound,2024-02-27,2023-09-13,0
820,1,13,8187.59,Closed Won,Partner,2023-08-10,2024-06-12,37
821,87,22,767067.97,Negotiation,Event,2024-10-05,,96
822,48,12,666204.58,Closed Won,Outbound,2023-09-26,2023-12-24,24
823,40,36,107628.73,Closed Won,Outbound,2024-11-04,2024-01-24,57
824,90,9,308111.22,Proposal,Cold Call,2023-09-05,,57
825,79,15,163796.46,Closed Lost,Cold Call,2023-07-22,2023-12-28,0
826,63,7,416710.43,Closed Lost,Partner,2023-10-28,2024-06-01,0
827,38,15,62975.17,Closed Won,Outbound,2024-04-21,2024-05-11,35
828,17,49,353581.4,Proposal,Referral,2023-12-12,,79
829,56,17,346686.23,Closed Won,Cold Call,2024-01-06,2024-04-17,70
830,81,32,263407.51,Negotiation,Partner,2023-07-01,,51
831,6,31,173267.26,Prospecting,Cold Call,2024-04-06,,80
832,40,11,24461.12,Negotiation,Cold Call,2024-10-19,,74
833,22,14,310815.47,Negotiation,Event,2024-03-18,,66
834,96,30,703910.45,Proposal,Outbound,2024-08-04,,47
835,87,12,392409.12,Negotiation,Event,2024-08-18,,92
836,84,1,895051.13,Closed Won,Inbound,2023-02-13,2025-05-16,94
837,44,50,652754.77,Qualification,Event,2023-02-18,,63
838,6,9,933883.27,Closed Won,Outbound,2023-08-20,2023-04-23,18
839,52,41,103373.39,Proposal,Partner,2023-01-22,,98
840,73,38,157569.58,Prospecting,Event,2023-10-18,,62
841,14,44,173849.42,Closed Won,Cold Call,2023-06-06,2023-06-01,68
842,98,20,116686.95,Prospecting,Referral,2023-01-09,,33
843,68,21,1354763.02,Negotiation,Referral,2024-06-17,,45
844,51,6,782334.02,Proposal,Outbound,2023-11-10,,13
845,22,35,144913.16,Negotiation,Inbound,2025-03-27,,39
846,92,48,63539.75,Negotiation,Cold Call,2024-05-20,,35
847,97,11,474851.66,Prospecting,Partner,2023-11-07,,83
848,94,15,502922.96,Prospecting,Referral,2024-08-24,,32
849,14,10,649838.14,Closed Won,Partner,2025-01-30,2023-11-06,77
850,84,12,1373934.17,Closed Won,Event,2023-09-28,2023-09-11,81
851,29,32,133456.43,Closed Won,Cold Call,2025-03-19,2024-05-28,21
852,36,3,1372818.79,Proposal,Inbound,2024-09-09,,67
853,27,21,363233.21,Proposal,Inbound,2023-01-12,,50
854,18,45,776350.74,Proposal,Cold Call,2025-01-30,,59
855,59,23,1082588.76,Closed Won,Referral,2025-02-09,2023-05-23,94
856,52,9,214667.77,Closed Lost,Inbound,2024-12-23,2024-05-02,0
857,94,20,103501.22,Negotiation,Partner,2024-01-16,,53
858,19,14,50820.11,Prospecting,Inbound,2023-09-20,,67
859,60,13,185780.09,Negotiation,Event,2024-07-09,,19
860,42,44,287107.31,Proposal,Inbound,2023-02-26,,68
861,15,18,169121.53,Negotiation,Partner,2023-02-14,,67
862,77,5,65123.23,Prospecting,Referral,2024-04-27,,55
863,77,39,28795.07,Prospecting,Cold Call,2024-03-12,,60
864,99,13,39583.57,Negotiation,Referral,2023-01-08,,87
865,88,28,301255.6,Closed Won,Referral,2024-12-15,2023-12-24,54
866,22,34,53600.84,Qualification,Partner,2024-03-18,,33
867,29,38,293530.45,Prospecting,Outbound,2024-07-13,,62
868,30,45,1321396.16,Prospecting,Event,2024-02-23,,25
869,93,22,105536.72,Qualification,Partner,2024-01-07,,78
870,2,26,134786.64,Closed Won,Referral,2023-08-17,2023-05-11,89
871,27,3,140015.39,Closed Lost,Cold Call,2024-05-31,2024-01-08,0
872,93,2,354597.82,Proposal,Event,2024-04-20,,64
873,93,18,239677.45,Closed Won,Cold Call,2024-06-19,2024-01-02,27
874,48,39,107492.62,Qualification,Event,2023-01-16,,83
875,31,41,615772.38,Negotiation,Referral,2023-08-12,,90
876,1,32,272458.43,Proposal,Event,2023-11-24,,56
877,14,50,901175.18,Prospecting,Event,2024-08-21,,77
878,88,15,296613.71,Negotiation,Referral,2024-05-09,,35
879,24,23,524045.42,Qualification,Event,2024-10-06,,67
880,72,42,116875.81,Closed Won,Referral,2023-01-22,2023-10-20,65
881,90,7,66077.21,Qualification,Outbound,2024-12-17,,21
882,74,1,348019.85,Closed Won,Referral,2024-07-19,2023-08-28,98
883,82,14,394998.96,Prospecting,Referral,2024-10-27,,12
884,15,2,248554.92,Closed Won,Cold Call,2024-07-05,2024-08-07,22
885,65,19,1229442.95,Closed Lost,Outbound,2023-09-03,2023-09-20,0
886,1,5,587462.97,Negotiation,Outbound,2024-01-17,,14
887,65,14,126137.77,Closed Lost,Referral,2024-12-30,2024-05-15,0
888,28,13,85602.13,Proposal,Outbound,2024-12-16,,25
889,68,31,577416.74,Negotiation,Event,2023-07-22,,44
890,37,1,1287520.44,Closed Won,Outbound,2023-11-25,2023-06-17,28
891,27,1,341864.24,Prospecting,Outbound,2024-07-22,,83
892,85,39,100398.96,Closed Lost,Cold Call,2024-08-07,2023-12-06,0
893,99,26,747849.71,Closed Lost,Event,2023-12-18,2025-01-05,0
894,76,24,46299.09,Proposal,Referral,2025-01-02,,68
895,74,45,189398.97,Qualification,Referral,2023-07-07,,10
896,100,2,70730.05,Closed Won,Cold Call,2024-06-23,2023-10-23,55
897,40,14,212120.01,Proposal,Event,2024-09-18,,97
898,48,50,280877.3,Closed Lost,Partner,2024-03-19,2024-09-01,0
899,36,8,1293056.62,Closed Won,Inbound,2023-12-05,2023-02-22,61
900,85,6,198270.57,Closed Won,Referral,2023-04-23,2024-08-08,42
901,96,50,148337.99,Negotiation,Event,2024-07-25,,60
902,83,6,133714.76,Proposal,Inbound,2024-05-19,,67
903,55,9,702501.64,Closed Won,Outbound,2023-06-06,2023-06-28,82
904,92,9,117379.63,Closed Won,Inbound,2023-07-11,2025-06-20,34
905,92,38,449503.42,Closed Won,Outbound,2024-09-24,2024-04-30,93
906,33,22,813997.01,Closed Lost,Cold Call,2024-11-13,2024-10-23,0
907,49,50,260131.2,Closed Won,Partner,2023-04-20,2023-05-08,41
908,55,18,51461.63,Qualification,Inbound,2024-06-09,,11
909,18,39,281919.72,Negotiation,Cold Call,2024-07-30,,70
910,24,19,94457.33,Negotiation,Cold Call,2025-01-24,,77
911,76,7,349557.0,Qualification,Outbound,2025-01-29,,27
912,29,33,135146.15,Closed Won,Inbound,2024-12-29,2023-06-07,40
913,86,43,180013.28,Prospecting,Inbound,2023-08-30,,95
914,2,35,79817.93,Proposal,Partner,2024-01-28,,47
915,83,15,400329.82,Qualification,Cold Call,2023-11-16,,76
916,24,8,2003048.0,Qualification,Referral,2025-03-16,,48
917,13,18,479295.28,Closed Won,Cold Call,2023-12-05,2023-11-20,52
918,89,44,29243.63,Qualification,Cold Call,2023-08-04,,72
919,21,44,240957.62,Closed Won,Referral,2023-08-20,2024-05-23,35
920,39,45,1457570.01,Prospecting,Inbound,2024-12-05,,42
921,15,41,93038.73,Negotiation,Cold Call,2023-06-27,,22
922,30,2,420275.26,Proposal,Partner,2023-06-15,,22
923,3,12,188026.68,Prospecting,Inbound,2023-01-23,,24
924,38,5,108976.63,Closed Lost,Partner,2023-05-19,2025-03-03,0
925,5,24,120160.71,Negotiation,Event,2023-05-10,,27
926,4,42,37520.48,Proposal,Inbound,2023-03-16,,54
927,24,35,103250.51,Negotiation,Event,2024-01-31,,70
928,70,20,274367.49,Qualification,Partner,2025-01-05,,14
929,22,14,266368.96,Qualification,Outbound,2024-07-02,,68
930,38,10,879738.6,Prospecting,Referral,2024-06-12,,94
931,54,23,520525.45,Negotiation,Partner,2023-10-01,,62
932,23,46,1091646.62,Proposal,Event,2024-09-09,,71
933,53,8,655784.9,Closed Won,Inbound,2023-10-29,2024-12-28,80
934,75,30,188569.46,Negotiation,Outbound,2023-11-01,,99
935,59,35,144702.08,Qualification,Outbound,2023-04-13,,81
936,97,8,1781534.46,Proposal,Cold Call,2024-05-24,,33
937,80,6,177811.1,Closed Won,Cold Call,2024-12-11,2023-09-16,12
938,8,42,44427.39,Prospecting,Event,2024-07-29,,87
939,3,29,458586.52,Closed Lost,Referral,2024-11-23,2023-06-15,0
940,65,30,1068235.91,Proposal,Partner,2023-05-23,,91
941,23,15,162101.14,Qualification,Outbound,2024-06-15,,96
942,21,26,146054.36,Closed Lost,Cold Call,2023-06-12,2025-06-19,0
943,56,15,306492.58,Closed Won,Referral,2023-06-03,2023-09-06,73
944,54,26,392267.94,Closed Won,Outbound,2024-12-19,2023-02-10,28
945,54,31,224363.29,Prospecting,Inbound,2024-02-20,,90
946,40,6,291925.1,Closed Won,Partner,2023-12-09,2023-06-26,57
947,86,30,1024823.2,Closed Lost,Cold Call,2023-02-28,2024-08-11,0
948,15,2,35195.44,Negotiation,Event,2025-01-24,,59
949,4,24,304611.86,Proposal,Partner,2024-10-28,,77
950,97,10,437327.23,Closed Won,Referral,2023-03-16,2024-07-26,57
951,20,45,1311202.23,Closed Lost,Event,2024-09-11,2024-07-19,0
952,75,10,895336.01,Qualification,Event,2023-07-01,,15
953,30,26,324121.57,Closed Won,Outbound,2024-11-24,2024-06-02,89
954,9,39,106937.24,Prospecting,Event,2023-09-20,,37
955,36,42,14046.32,Closed Won,Outbound,2023-12-18,2024-02-17,11
956,78,50,326195.22,Closed Lost,Cold Call,2024-06-18,2023-12-21,0
957,98,46,1152661.46,Closed Won,Outbound,2025-03-12,2023-07-30,13
958,10,45,169951.94,Closed Won,Partner,2023-10-10,2025-06-26,48
959,20,35,39509.43,Qualification,Referral,2024-04-06,,65
960,86,37,462281.59,Closed Won,Outbound,2024-12-19,2024-10-04,40
961,92,2,131781.63,Negotiation,Inbound,2024-12-22,,64
962,48,26,670679.43,Closed Lost,Event,2024-07-20,2024-07-23,0
963,85,41,369327.24,Prospecting,Event,2025-01-16,,20
964,13,13,16578.06,Negotiation,Inbound,2024-02-15,,15
965,44,6,881760.98,Closed Won,Cold Call,2023-03-15,2025-01-30,68
966,37,5,372672.01,Qualification,Outbound,2023-04-26,,97
967,10,19,490709.4,Closed Lost,Partner,2023-01-13,2024-07-21,0
968,3,13,97060.37,Qualification,Event,2023-09-15,,21
969,78,33,205663.11,Prospecting,Outbound,2023-07-02,,28
970,49,27,306124.1,Qualification,Inbound,2024-07-31,,54
971,47,22,125512.5,Negotiation,Outbound,2025-02-23,,12
972,66,33,86135.22,Negotiation,Inbound,2024-12-29,,59
973,46,34,34244.42,Qualification,Partner,2024-03-22,,87
974,11,4,127718.89,Negotiation,Partner,2023-03-16,,69
975,28,49,72832.63,Closed Lost,Event,2024-08-16,2025-06-07,0
976,23,22,91200.01,Closed Won,Referral,2024-06-23,2023-04-02,93
977,23,2,77554.05,Proposal,Event,2024-01-20,,18
978,7,18,217839.44,Proposal,Cold Call,2023-02-09,,18
979,80,14,514552.26,Qualification,Inbound,2024-11-08,,86
980,87,13,26907.34,Qualification,Inbound,2024-03-19,,13
981,13,12,192709.22,Closed Won,Outbound,2023-01-21,2023-12-29,96
982,83,35,393605.99,Closed Won,Cold Call,2023-10-21,2023-07-07,100
983,71,47,320460.64,Qualification,Inbound,2023-06-19,,92
984,24,6,417272.04,Prospecting,Cold Call,2025-02-11,,41
985,62,24,300736.59,Proposal,Outbound,2023-04-30,,71
986,7,34,17317.14,Proposal,Inbound,2024-08-23,,82
987,91,47,266252.77,Closed Lost,Cold Call,2024-02-25,2024-10-25,0
988,26,35,285556.99,Proposal,Inbound,2025-02-16,,59
989,95,42,37505.32,Qualification,Outbound,2023-11-22,,81
990,97,1,176461.16,Prospecting,Event,2023-04-22,,33
991,44,19,697605.61,Closed Won,Cold Call,2024-08-14,2024-02-21,91
992,15,18,573540.55,Closed Won,Referral,2023-04-14,2024-02-01,91
993,26,47,360116.71,Prospecting,Partner,2024-09-08,,27
994,78,18,189155.38,Closed Won,Inbound,2024-02-16,2025-04-14,83
995,42,33,1408344.59,Closed Won,Event,2024-04-26,2023-06-14,33
996,38,10,883414.97,Qualification,Cold Call,2024-06-17,,16
997,22,15,866328.2,Prospecting,Event,2023-12-29,,22
998,33,2,579336.59,Negotiation,Partner,2025-01-20,,78
999,14,47,37306.48,Proposal,Event,2024-07-26,,76
1000,97,27,680686.65,Negotiation,Outbound,2023-07-29,,84
1001,90,2,635708.02,Proposal,Cold Call,2024-09-13,,71
1002,18,5,733390.26,Negotiation,Cold Call,2023-09-01,,100
1003,59,8,1892741.82,Qualification,Outbound,2023-12-05,,71
1004,55,7,1293663.35,Prospecting,Event,2023-07-03,,19
1005,26,27,152599.1,Proposal,Outbound,2024-08-04,,100
1006,34,19,908975.13,Negotiation,Outbound,2024-06-30,,96
1007,93,50,154504.79,Negotiation,Inbound,2023-11-03,,25
1008,16,48,160614.84,Closed Won,Partner,2023-04-10,2023-05-23,45
1009,65,19,267751.01,Proposal,Referral,2025-03-20,,47
1010,7,1,915520.63,Prospecting,Inbound,2023-03-23,,69
1011,12,13,14252.64,Qualification,Event,2025-03-14,,91
1012,80,10,847551.02,Negotiation,Event,2024-06-11,,14
1013,9,41,334397.29,Negotiation,Outbound,2024-06-09,,26
1014,59,14,223911.86,Negotiation,Referral,2023-12-02,,29
1015,19,17,175975.74,Qualification,Event,2024-10-31,,16
1016,50,38,1046323.46,Qualification,Referral,2023-06-27,,62
1017,62,29,349278.59,Negotiation,Inbound,2024-12-26,,84
1018,19,11,88018.31,Proposal,Referral,2023-04-22,,86
1019,80,48,332409.66,Qualification,Inbound,2023-11-21,,74
1020,94,40,1177885.96,Closed Won,Outbound,2023-09-29,2024-08-06,74
1021,37,37,623660.84,Closed Won,Referral,2024-10-17,2023-07-04,27
1022,34,11,410486.71,Prospecting,Cold Call,2024-08-24,,48
1023,88,31,144011.05,Proposal,Cold Call,2024-11-07,,60
1024,50,1,705900.03,Negotiation,Event,2023-02-26,,25
1025,87,10,710935.15,Negotiation,Inbound,2024-12-27,,39
1026,75,43,369116.95,Closed Won,Event,2023-10-16,2024-01-01,88
1027,21,21,1079848.93,Proposal,Partner,2023-05-27,,31
1028,53,36,49089.63,Proposal,Event,2024-03-18,,62
1029,44,12,490429.65,Qualification,Referral,2025-03-18,,22
1030,61,30,311187.29,Proposal,Partner,2023-07-16,,33
1031,78,24,366236.48,Prospecting,Partner,2024-01-02,,62
1032,47,13,19457.95,Closed Won,Event,2024-12-31,2023-09-22,77
1033,59,14,183646.31,Qualification,Cold Call,2023-08-06,,14
1034,15,46,435359.21,Negotiation,Cold Call,2023-05-27,,44
1035,43,15,207797.25,Negotiation,Event,2023-09-06,,87
1036,96,19,224378.07,Prospecting,Event,2023-08-03,,91
1037,65,45,176352.82,Proposal,Event,2024-02-05,,27
1038,76,29,1248117.0,Closed Lost,Inbound,2024-09-11,2025-03-03,0
1039,95,26,280410.46,Closed Won,Cold Call,2024-08-05,2025-03-07,16
1040,37,40,631428.12,Proposal,Event,2025-03-14,,20
1041,23,35,494824.66,Closed Won,Outbound,2025-03-16,2024-07-16,72
1042,67,1,132000.36,Negotiation,Outbound,2023-03-26,,46
1043,42,32,19503.7,Qualification,Outbound,2023-10-03,,67
1044,70,9,510305.0,Closed Won,Partner,2023-10-02,2025-02-19,59
1045,63,39,168041.3,Prospecting,Event,2025-02-09,,52
1046,4,28,49865.71,Proposal,Inbound,2023-04-26,,35
1047,54,21,1621158.86,Proposal,Outbound,2024-04-27,,56
1048,95,15,89336.71,Qualification,Partner,2023-04-11,,98
1049,43,5,642551.08,Closed Lost,Outbound,2023-02-14,2025-04-24,0
1050,66,29,226100.14,Proposal,Partner,2023-05-19,,64
1051,51,5,325154.99,Closed Won,Outbound,2024-07-27,2025-03-31,40
1052,14,4,72450.68,Negotiation,Inbound,2024-06-15,,35
1053,89,5,35319.71,Proposal,Partner,2023-12-22,,37
1054,22,35,441065.26,Negotiation,Partner,2024-09-28,,74
1055,79,37,24725.74,Qualification,Cold Call,2024-07-25,,74
1056,67,20,323832.72,Qualification,Cold Call,2024-04-03,,82
1057,41,14,434936.05,Closed Won,Referral,2023-07-18,2024-10-26,19
1058,39,19,128607.51,Closed Won,Inbound,2025-01-30,2024-04-30,46
1059,23,18,80890.9,Closed Lost,Referral,2024-05-26,2025-05-03,0
1060,87,29,398037.45,Qualification,Referral,2024-02-09,,54
1061,89,41,261194.75,Qualification,Event,2024-04-30,,94
1062,17,50,428931.46,Proposal,Partner,2023-12-16,,36
1063,43,45,528354.71,Proposal,Partner,2023-04-25,,92
1064,100,44,189165.6,Proposal,Outbound,2024-05-30,,93
1065,18,23,1433884.61,Qualification,Inbound,2023-08-28,,89
1066,54,24,235421.06,Closed Won,Partner,2023-11-14,2023-11-19,76
1067,9,27,335793.29,Proposal,Inbound,2025-02-05,,91
1068,94,38,100139.65,Proposal,Outbound,2024-03-27,,40
1069,87,35,168939.51,Proposal,Cold Call,2023-09-26,,83
1070,16,6,278690.08,Qualification,Cold Call,2024-04-09,,94
1071,88,40,1190185.48,Negotiation,Cold Call,2023-09-26,,86
1072,29,21,925428.33,Negotiation,Inbound,2023-12-20,,79
1073,21,4,169620.85,Closed Won,Event,2024-09-02,2024-01-01,19
1074,88,9,394528.57,Proposal,Outbound,2024-03-30,,55
1075,7,24,56814.79,Negotiation,Referral,2023-09-10,,25
1076,26,22,1467890.5,Proposal,Referral,2023-11-30,,12
1077,59,49,210610.63,Closed Won,Event,2023-09-08,2025-06-12,29
1078,99,49,704727.33,Proposal,Outbound,2024-02-13,,63
1079,96,24,168788.08,Closed Lost,Event,2023-01-01,2025-05-06,0
1080,82,46,158241.26,Proposal,Event,2024-08-20,,57
1081,18,4,85916.98,Prospecting,Partner,2024-06-11,,12
1082,85,23,191506.68,Negotiation,Inbound,2023-12-17,,79
1083,19,30,1036606.11,Negotiation,Event,2024-09-23,,27
1084,82,27,139493.77,Proposal,Referral,2025-01-30,,59
1085,85,3,109743.04,Proposal,Partner,2023-04-14,,13
1086,84,19,130687.11,Closed Won,Referral,2023-02-10,2024-07-21,50
1087,98,26,345143.59,Prospecting,Event,2023-10-31,,68
1088,43,40,88472.91,Closed Lost,Inbound,2023-07-18,2023-02-18,0
1089,23,24,50757.3,Proposal,Event,2025-01-28,,91
1090,56,45,1235783.25,Negotiation,Inbound,2023-11-17,,81
1091,6,13,12916.07,Closed Won,Partner,2025-01-13,2025-02-06,32
1092,79,3,1155686.11,Prospecting,Event,2024-06-29,,96
1093,48,34,3542.14,Closed Won,Referral,2023-04-09,2024-10-02,20
1094,47,1,1557353.45,Proposal,Inbound,2023-07-19,,17
1095,73,42,196588.09,Proposal,Outbound,2023-08-03,,48
1096,80,32,215388.86,Closed Won,Event,2023-03-30,2023-09-28,56
1097,64,9,336229.58,Negotiation,Cold Call,2024-01-23,,13
1098,94,4,147852.87,Prospecting,Partner,2024-04-13,,37
1099,100,12,571664.68,Proposal,Outbound,2024-10-29,,56
1100,83,27,179158.08,Proposal,Cold Call,2023-05-23,,20
1101,52,11,41158.8,Proposal,Event,2024-05-16,,81
1102,79,29,1475700.63,Negotiation,Outbound,2024-07-14,,20
1103,78,48,386302.32,Proposal,Inbound,2024-01-21,,50
1104,10,11,380772.76,Proposal,Referral,2024-11-14,,83
1105,75,48,264431.7,Closed Won,Outbound,2023-01-16,2023-02-14,76
1106,44,37,62955.74,Qualification,Event,2023-07-20,,82
1107,46,7,939055.33,Proposal,Cold Call,2024-11-05,,45
1108,48,2,375366.24,Closed Won,Inbound,2024-02-06,2024-05-26,39
1109,84,46,474373.97,Closed Won,Cold Call,2023-04-06,2023-04-10,40
1110,93,49,463701.97,Closed Lost,Event,2023-02-16,2025-05-24,0
1111,98,30,107749.46,Closed Won,Event,2025-02-18,2024-03-24,16
1112,67,15,776502.78,Qualification,Partner,2024-06-22,,18
1113,24,18,432066.54,Closed Won,Outbound,2024-12-22,2023-07-05,64
1114,18,48,247249.9,Qualification,Cold Call,2025-03-13,,76
1115,16,24,422275.26,Negotiation,Cold Call,2023-12-23,,64
1116,57,3,291744.77,Qualification,Cold Call,2023-08-20,,45
1117,49,6,272634.46,Closed Won,Event,2025-03-29,2024-09-10,62
1118,32,3,1682015.42,Closed Lost,Event,2023-03-07,2025-03-17,0
1119,44,36,202493.95,Closed Lost,Partner,2023-12-15,2024-05-31,0
1120,50,34,77361.36,Qualification,Referral,2024-10-04,,93
1121,86,30,271504.32,Closed Won,Referral,2023-01-02,2024-07-07,93
1122,89,18,105884.4,Closed Won,Outbound,2024-10-23,2023-09-05,65
1123,16,24,253442.58,Qualification,Inbound,2024-08-08,,72
1124,76,12,873041.43,Negotiation,Outbound,2024-11-29,,100
1125,64,42,94622.18,Qualification,Referral,2024-07-31,,50
1126,53,29,1827492.93,Closed Won,Referral,2023-07-05,2023-07-26,36
1127,28,29,142843.35,Closed Lost,Partner,2023-07-10,2024-12-10,0
1128,72,30,1228987.4,Negotiation,Cold Call,2023-01-24,,58
1129,64,13,39285.81,Qualification,Partner,2024-07-10,,78
1130,26,49,599457.5,Closed Won,Partner,2023-11-29,2024-10-25,73
1131,100,34,4757.53,Proposal,Inbound,2024-08-02,,44
1132,37,3,294795.1,Closed Won,Cold Call,2024-08-19,2023-03-29,43
1133,78,7,876568.17,Proposal,Inbound,2023-12-23,,80
1134,32,17,419659.22,Proposal,Event,2024-12-27,,16
1135,40,15,79900.43,Proposal,Referral,2023-11-26,,52
1136,16,49,455455.26,Prospecting,Event,2024-09-17,,86
1137,93,38,297731.22,Closed Won,Event,2023-01-04,2023-06-12,54
1138,14,12,409691.69,Closed Won,Outbound,2023-06-20,2023-12-06,64
1139,61,26,466631.64,Negotiation,Outbound,2023-11-12,,71
1140,74,39,24023.02,Negotiation,Partner,2023-09-21,,16
1141,21,6,263716.3,Qualification,Event,2023-12-11,,52
1142,7,2,252461.35,Closed Won,Event,2024-10-17,2024-03-23,69
1143,16,10,164851.34,Closed Lost,Inbound,2023-09-16,2024-04-05,0
1144,7,44,389145.86,Closed Won,Partner,2024-06-22,2025-05-19,24
1145,87,16,391462.13,Proposal,Inbound,2024-11-20,,96
1146,94,26,284099.71,Proposal,Outbound,2024-10-19,,31
1147,59,8,1626479.2,Closed Won,Event,2024-08-06,2025-04-24,26
1148,24,37,461359.3,Closed Won,Event,2025-01-20,2024-12-02,26
1149,17,2,491113.34,Qualification,Cold Call,2024-10-02,,94
1150,17,20,180725.39,Qualification,Partner,2024-11-16,,57
1151,14,45,642829.56,Closed Lost,Inbound,2024-05-11,2024-05-28,0
1152,14,36,19628.62,Closed Lost,Partner,2024-04-07,2023-07-24,0
1153,69,48,169466.15,Negotiation,Inbound,2023-09-27,,15
1154,59,50,584225.86,Closed Won,Partner,2024-06-24,2025-06-04,70
1155,22,12,1553860.15,Negotiation,Outbound,2023-12-15,,32
1156,99,11,89216.46,Proposal,Inbound,2023-02-10,,61
1157,60,37,200919.87,Proposal,Referral,2025-01-24,,12
1158,88,15,484315.03,Closed Lost,Outbound,2023-01-23,2025-06-12,0
1159,36,47,289846.99,Closed Won,Cold Call,2025-03-06,2024-09-28,76
1160,23,28,186225.06,Closed Won,Event,2023-01-04,2023-10-09,29
1161,89,36,310222.0,Closed Won,Event,2023-07-31,2023-10-10,35
1162,83,20,255227.83,Negotiation,Referral,2024-02-19,,37
1163,86,11,299025.93,Qualification,Event,2024-07-20,,24
1164,57,48,185453.62,Prospecting,Inbound,2024-11-21,,60
1165,33,18,419564.97,Closed Lost,Outbound,2023-02-13,2024-06-17,0
1166,49,19,402129.58,Prospecting,Event,2024-01-25,,82
1167,77,23,236232.45,Qualification,Cold Call,2023-09-17,,71
1168,76,34,40305.22,Closed Won,Referral,2024-08-19,2024-03-30,74
1169,4,19,52111.05,Closed Won,Referral,2023-04-19,2023-05-03,45
1170,58,39,131863.83,Proposal,Referral,2023-02-20,,66
1171,54,31,351616.03,Closed Won,Event,2023-12-28,2023-06-02,47
1172,3,17,29060.97,Closed Lost,Inbound,2024-12-26,2023-09-14,0
1173,100,50,945469.91,Qualification,Inbound,2023-10-20,,94
1174,71,18,324497.79,Proposal,Partner,2024-04-25,,12
1175,100,23,394027.21,Prospecting,Outbound,2025-02-04,,54
1176,90,17,343005.82,Qualification,Outbound,2024-03-03,,46
1177,15,42,198375.37,Closed Won,Outbound,2024-07-17,2025-02-02,37
1178,43,21,725482.18,Negotiation,Partner,2023-01-20,,72
1179,15,16,587808.56,Negotiation,Inbound,2024-10-22,,36
1180,86,7,315197.27,Closed Won,Partner,2024-12-20,2023-07-06,19
1181,24,33,71737.89,Qualification,Partner,2023-08-28,,70
1182,78,38,659256.82,Proposal,Outbound,2023-04-30,,50
1183,99,4,201831.45,Prospecting,Cold Call,2024-12-03,,22
1184,15,29,912543.51,Closed Won,Event,2023-09-13,2024-05-20,29
1185,47,10,2165000.38,Proposal,Referral,2024-04-02,,33
1186,80,1,349583.67,Qualification,Referral,2023-08-26,,74
1187,21,4,588376.22,Qualification,Inbound,2025-02-08,,62
1188,1,10,564845.17,Qualification,Referral,2024-08-04,,42
1189,30,4,161939.36,Negotiation,Event,2024-02-26,,78
1190,86,48,559453.38,Qualification,Inbound,2023-06-29,,89
1191,22,16,538534.33,Proposal,Event,2023-07-18,,19
1192,99,9,767823.42,Proposal,Outbound,2023-03-12,,83
1193,64,1,91073.25,Proposal,Referral,2023-04-28,,12
1194,88,38,763982.29,Proposal,Partner,2024-11-12,,29
1195,18,50,776319.54,Qualification,Event,2023-10-18,,75
1196,9,48,168489.58,Negotiation,Outbound,2024-10-30,,13
1197,50,4,791563.77,Proposal,Partner,2024-07-16,,54
1198,84,45,1347001.92,Prospecting,Inbound,2024-02-12,,63
1199,25,49,77568.56,Negotiation,Partner,2024-08-23,,71
1200,59,20,279805.4,Negotiation,Event,2024-02-20,,46
1201,63,37,369591.32,Prospecting,Outbound,2024-09-05,,13
1202,89,15,684622.58,Proposal,Partner,2023-11-07,,33
1203,54,28,317832.11,Qualification,Cold Call,2024-11-11,,41
1204,39,5,317486.9,Closed Won,Cold Call,2024-02-20,2025-05-15,42
1205,60,16,96003.22,Proposal,Cold Call,2023-04-28,,72
1206,24,10,844401.62,Negotiation,Outbound,2023-11-15,,14
1207,75,30,1155118.22,Prospecting,Event,2023-03-04,,30
1208,24,10,959515.69,Closed Won,Outbound,2025-02-17,2023-07-19,80
1209,69,21,156660.36,Closed Won,Referral,2024-02-03,2023-12-13,35
1210,17,2,300533.49,Closed Lost,Outbound,2023-04-21,2024-07-24,0
1211,69,40,1013610.5,Proposal,Outbound,2024-12-12,,99
1212,18,38,1299293.36,Qualification,Cold Call,2024-06-05,,38
1213,76,36,443199.81,Qualification,Inbound,2023-02-20,,74
1214,57,10,1029447.38,Closed Won,Event,2024-07-14,2025-05-14,50
1215,14,21,987069.03,Proposal,Inbound,2024-12-17,,76
1216,74,38,147651.0,Closed Won,Inbound,2023-04-25,2025-03-20,87
1217,86,43,299625.25,Negotiation,Outbound,2025-02-23,,59
1218,53,25,339353.15,Proposal,Inbound,2024-08-10,,37
1219,40,12,1025546.14,Proposal,Cold Call,2024-08-26,,15
1220,67,35,73240.63,Closed Won,Referral,2024-12-28,2023-02-27,91
1221,45,30,490139.04,Negotiation,Cold Call,2024-05-09,,90
1222,67,49,234282.39,Closed Lost,Inbound,2025-01-28,2023-10-01,0
1223,22,21,718721.71,Closed Won,Referral,2024-11-11,2025-02-03,60
1224,22,21,433716.6,Closed Lost,Cold Call,2023-02-23,2024-12-01,0
1225,88,36,96188.96,Proposal,Partner,2025-01-04,,98
1226,26,13,37200.68,Closed Lost,Cold Call,2024-11-19,2024-11-25,0
1227,81,16,777440.28,Qualification,Event,2023-09-18,,34
1228,96,25,1130246.32,Closed Won,Event,2023-11-15,2023-06-11,93
1229,82,19,386252.7,Closed Lost,Outbound,2024-07-20,2023-05-25,0
1230,35,14,46304.33,Negotiation,Event,2025-01-14,,63
1231,6,7,920276.98,Closed Lost,Outbound,2025-03-27,2023-06-06,0
1232,72,16,867566.02,Proposal,Outbound,2023-05-07,,88
1233,69,11,109654.09,Negotiation,Event,2024-09-04,,49
1234,4,42,12499.42,Closed Won,Referral,2024-03-05,2023-05-23,41
1235,36,14,337233.03,Closed Won,Inbound,2023-07-31,2023-06-28,38
1236,20,24,101744.7,Closed Won,Outbound,2023-03-05,2025-05-03,18
1237,95,33,1487787.25,Closed Won,Inbound,2023-03-12,2023-05-04,56
1238,55,32,349366.42,Proposal,Outbound,2023-03-05,,84
1239,80,47,568091.85,Qualification,Cold Call,2024-09-11,,66
1240,20,31,320902.05,Closed Won,Cold Call,2025-01-09,2023-06-23,23
1241,76,48,284027.87,Closed Lost,Outbound,2025-02-20,2024-07-02,0
1242,6,47,245845.01,Closed Won,Inbound,2023-09-27,2023-09-28,37
1243,65,44,165214.52,Qualification,Event,2024-07-01,,86
1244,59,20,810974.1,Qualification,Referral,2023-08-21,,86
1245,59,31,152771.11,Prospecting,Inbound,2023-03-28,,84
1246,39,1,95724.65,Proposal,Outbound,2024-12-18,,78
1247,16,12,205532.86,Closed Lost,Inbound,2024-02-05,2023-12-12,0
1248,7,20,183106.23,Closed Lost,Event,2024-11-16,2025-04-10,0
1249,75,14,621664.91,Proposal,Inbound,2024-07-21,,46
1250,47,15,42542.75,Proposal,Referral,2025-03-25,,72
1251,32,25,257333.16,Qualification,Event,2024-12-07,,25
1252,3,20,311068.28,Closed Won,Cold Call,2024-01-06,2024-07-26,74
1253,38,11,173584.02,Closed Won,Cold Call,2024-04-09,2024-12-11,70
1254,84,47,197658.08,Closed Won,Partner,2024-05-18,2023-11-10,98
1255,53,32,293394.98,Closed Won,Referral,2024-09-30,2024-03-09,50
1256,82,33,778608.09,Closed Won,Referral,2024-06-12,2025-05-07,13
1257,6,42,71087.21,Closed Lost,Event,2024-12-19,2024-04-21,0
1258,90,35,28102.34,Proposal,Inbound,2024-10-26,,57
1259,47,34,34946.76,Qualification,Referral,2023-04-16,,65
1260,28,35,111644.53,Proposal,Event,2023-07-30,,71
1261,95,44,254545.5,Closed Won,Cold Call,2024-02-07,2025-03-19,19
1262,73,23,258267.97,Prospecting,Referral,2023-10-29,,27
1263,65,21,126142.17,Qualification,Cold Call,2024-02-17,,51
1264,82,25,871102.14,Closed Won,Partner,2024-05-26,2023-05-07,91
1265,89,26,104595.95,Negotiation,Inbound,2025-02-02,,45
1266,73,12,117139.7,Negotiation,Referral,2024-02-08,,46
1267,14,25,2045777.3,Qualification,Cold Call,2023-12-25,,26
1268,78,19,331565.2,Prospecting,Cold Call,2024-04-17,,33
1269,7,40,488249.34,Negotiation,Outbound,2024-08-21,,70
1270,83,21,406276.45,Closed Won,Outbound,2023-08-21,2023-02-10,60
1271,43,18,39053.85,Qualification,Inbound,2023-04-10,,83
1272,52,50,468097.1,Closed Won,Partner,2024-03-17,2025-01-09,97
1273,16,14,445661.81,Proposal,Partner,2024-11-17,,61
1274,49,13,98086.78,Proposal,Partner,2024-04-14,,85
1275,89,39,31211.97,Closed Lost,Partner,2023-04-16,2023-10-11,0
1276,43,20,70173.65,Proposal,Cold Call,2024-09-23,,88
1277,52,22,1084779.19,Closed Lost,Outbound,2023-10-27,2024-02-27,0
1278,38,48,216774.5,Proposal,Outbound,2023-08-27,,75
1279,22,29,855693.14,Qualification,Referral,2024-07-17,,86
1280,41,10,280324.49,Closed Won,Partner,2023-09-03,2024-12-26,72
1281,61,23,776268.35,Closed Won,Inbound,2025-03-04,2023-04-18,38
1282,26,40,655627.02,Proposal,Outbound,2023-11-04,,46
1283,69,17,33751.24,Qualification,Outbound,2023-11-30,,63
1284,4,47,169567.42,Prospecting,Partner,2023-06-29,,17
1285,98,5,591892.28,Closed Won,Event,2024-05-04,2023-07-06,32
1286,63,27,94462.37,Proposal,Event,2023-02-14,,76
1287,29,11,473152.71,Closed Won,Event,2024-03-23,2024-08-27,27
1288,51,13,133459.13,Closed Won,Partner,2024-05-10,2024-03-27,19
1289,65,48,160222.36,Closed Lost,Inbound,2023-05-06,2024-03-26,0
1290,30,26,467318.2,Negotiation,Referral,2023-06-13,,71
1291,89,19,388922.2,Proposal,Event,2023-02-09,,63
1292,25,23,1287168.34,Negotiation,Event,2023-08-29,,65
1293,16,12,1543858.5,Closed Won,Partner,2023-10-14,2024-04-17,91
1294,83,25,1462808.8,Closed Won,Outbound,2024-11-02,2025-01-05,96
1295,100,34,37904.93,Closed Won,Event,2023-08-30,2023-11-21,48
1296,53,44,78189.03,Closed Won,Partner,2023-10-13,2023-03-30,70
1297,73,20,903210.95,Closed Lost,Partner,2024-07-25,2023-03-02,0
1298,12,42,50904.95,Prospecting,Event,2023-01-13,,77
1299,17,3,562825.64,Closed Won,Cold Call,2025-01-11,2024-12-23,75
1300,37,29,780034.23,Closed Won,Outbound,2023-06-05,2024-07-08,48
1301,48,16,1731026.22,Proposal,Event,2024-12-12,,63
1302,6,17,278040.16,Proposal,Inbound,2025-03-04,,92
1303,82,46,258178.83,Negotiation,Partner,2024-12-28,,64
1304,45,37,212178.47,Negotiation,Inbound,2024-07-18,,84
1305,98,6,712336.56,Proposal,Event,2023-12-23,,91
1306,13,43,668107.35,Closed Won,Cold Call,2024-06-13,2024-06-20,34
1307,88,43,553614.32,Negotiation,Outbound,2024-08-10,,96
1308,48,22,327634.15,Prospecting,Event,2025-01-22,,80
1309,46,37,161723.79,Prospecting,Cold Call,2025-03-13,,68
1310,64,46,707187.92,Closed Won,Inbound,2023-03-22,2025-01-10,90
1311,91,33,1190653.55,Closed Won,Partner,2024-11-19,2024-03-29,47
1312,47,38,196549.05,Closed Won,Event,2024-03-15,2024-05-31,61
1313,13,12,525282.56,Negotiation,Cold Call,2024-11-13,,66
1314,10,27,816794.05,Proposal,Cold Call,2023-02-11,,84
1315,7,50,71704.35,Qualification,Cold Call,2023-04-13,,51
1316,3,20,224763.69,Negotiation,Outbound,2025-01-05,,56
1317,93,33,326844.34,Closed Won,Referral,2024-02-27,2023-04-02,22
1318,31,30,975936.75,Closed Won,Referral,2023-11-24,2023-05-24,99
1319,46,10,457939.59,Proposal,Partner,2024-09-16,,32
1320,29,2,435364.4,Qualification,Event,2023-09-29,,53
1321,96,9,1126107.84,Qualification,Event,2023-09-24,,86
1322,50,1,819039.76,Closed Won,Partner,2024-05-21,2023-09-14,66
1323,85,23,1155973.03,Prospecting,Event,2024-01-16,,41
1324,60,38,912304.02,Prospecting,Inbound,2024-05-26,,54
1325,83,38,1010703.12,Prospecting,Event,2023-04-19,,43
1326,100,15,24774.77,Qualification,Outbound,2024-02-22,,97
1327,13,20,767878.17,Closed Lost,Outbound,2024-09-05,2023-07-07,0
1328,78,9,307984.87,Negotiation,Outbound,2023-11-04,,67
1329,86,36,28149.2,Closed Lost,Outbound,2023-04-11,2023-09-03,0
1330,78,4,97328.02,Qualification,Referral,2023-11-30,,59
1331,38,7,515109.68,Prospecting,Referral,2024-02-01,,76
1332,41,29,738468.95,Proposal,Partner,2023-02-21,,79
1333,82,21,1491564.74,Closed Won,Referral,2023-02-20,2024-02-10,16
1334,82,29,524547.64,Qualification,Referral,2023-03-25,,13
1335,56,18,632711.88,Closed Won,Inbound,2024-10-08,2024-09-21,75
1336,55,15,141321.37,Closed Won,Event,2023-09-30,2024-06-02,46
1337,94,49,35395.79,Closed Lost,Event,2024-04-27,2023-12-27,0
1338,53,30,187400.16,Closed Won,Partner,2024-02-12,2024-05-01,61
1339,56,13,31541.99,Proposal,Cold Call,2023-06-02,,45
1340,46,39,21929.24,Closed Won,Inbound,2024-12-16,2023-06-15,54
1341,72,25,58777.7,Closed Won,Inbound,2023-11-24,2023-09-23,52
1342,32,20,743521.47,Qualification,Inbound,2023-03-25,,64
1343,15,8,1455269.51,Closed Won,Event,2023-01-08,2025-01-26,64
1344,7,8,730477.88,Negotiation,Partner,2024-02-18,,64
1345,15,21,841935.81,Negotiation,Cold Call,2023-05-20,,30
1346,88,6,98791.79,Qualification,Cold Call,2023-05-10,,61
1347,8,4,247623.86,Closed Won,Referral,2023-12-27,2025-05-06,67
1348,64,43,678517.44,Closed Lost,Partner,2024-08-02,2023-09-11,0
1349,16,15,517835.63,Proposal,Inbound,2024-08-16,,73
1350,75,32,18256.59,Qualification,Cold Call,2023-04-22,,64
1351,87,9,788403.89,Negotiation,Event,2023-12-05,,99
1352,63,32,345910.28,Closed Won,Event,2023-04-13,2024-09-26,38
1353,21,30,1569331.43,Closed Won,Partner,2025-01-25,2024-11-23,87
1354,98,10,341042.31,Qualification,Inbound,2024-05-26,,24
1355,50,34,5381.14,Proposal,Cold Call,2025-03-03,,16
1356,74,4,556409.62,Closed Won,Event,2023-05-26,2024-11-12,11
1357,12,41,256982.01,Proposal,Inbound,2024-05-12,,63
1358,8,9,666569.13,Closed Won,Partner,2024-02-20,2023-08-23,98
1359,19,22,548837.09,Closed Won,Outbound,2023-01-30,2025-06-06,39
1360,22,12,517044.53,Proposal,Outbound,2024-07-31,,73
1361,1,35,181090.13,Negotiation,Outbound,2024-07-17,,98
1362,1,23,511568.84,Closed Won,Partner,2023-10-02,2023-09-11,92
1363,58,38,428255.19,Proposal,Cold Call,2023-07-31,,36
1364,75,35,378119.3,Qualification,Cold Call,2023-04-18,,15
1365,11,50,612440.05,Negotiation,Partner,2023-07-25,,59
1366,6,23,313351.98,Closed Won,Event,2023-11-04,2023-10-29,26
1367,87,50,826275.69,Negotiation,Partner,2023-09-10,,49
1368,27,31,421180.99,Closed Won,Inbound,2023-10-10,2023-06-24,96
1369,29,21,1147678.06,Closed Won,Cold Call,2023-03-12,2024-09-16,36
1370,42,19,1142197.49,Qualification,Outbound,2023-02-25,,10
1371,98,32,355088.68,Closed Won,Event,2024-07-23,2024-11-26,59
1372,28,32,81722.33,Proposal,Inbound,2024-12-18,,92
1373,67,45,277702.31,Qualification,Referral,2023-09-07,,57
1374,10,26,391614.46,Negotiation,Event,2024-01-22,,98
1375,71,7,401810.13,Closed Won,Event,2023-01-26,2024-02-08,56
1376,81,24,155258.37,Closed Won,Referral,2023-10-15,2023-11-05,23
1377,24,12,1545261.38,Closed Won,Cold Call,2023-01-20,2024-03-26,10
1378,33,42,70177.26,Qualification,Event,2023-04-12,,83
1379,24,49,313518.23,Closed Won,Inbound,2024-03-21,2024-07-06,100
1380,78,42,146132.48,Closed Won,Inbound,2024-05-18,2025-03-13,95
1381,6,28,202792.56,Closed Won,Partner,2023-11-15,2023-07-12,77
1382,34,47,537066.6,Closed Lost,Inbound,2024-12-05,2023-09-21,0
1383,62,27,545628.72,Negotiation,Event,2024-12-23,,48
1384,74,30,498747.33,Negotiation,Cold Call,2023-10-31,,72
1385,93,28,119282.31,Closed Won,Partner,2024-12-29,2025-02-01,55
1386,76,34,13171.66,Proposal,Inbound,2023-10-21,,78
1387,90,15,100055.92,Negotiation,Partner,2024-12-24,,78
1388,43,18,542674.67,Closed Won,Partner,2024-06-28,2025-01-01,19
1389,84,44,303758.51,Proposal,Event,2023-03-23,,66
1390,28,41,174628.73,Prospecting,Outbound,2024-11-03,,75
1391,30,42,20958.29,Negotiation,Partner,2024-06-12,,14
1392,73,19,981542.73,Closed Lost,Cold Call,2023-01-18,2023-08-23,0
1393,6,45,169140.89,Closed Won,Partner,2023-11-15,2023-12-25,53
1394,15,11,212658.57,Closed Won,Outbound,2023-11-20,2023-12-18,73
1395,95,6,761687.32,Qualification,Outbound,2023-05-05,,97
1396,81,6,768922.37,Closed Lost,Inbound,2024-12-05,2024-12-06,0
1397,68,37,72234.03,Proposal,Cold Call,2024-12-18,,16
1398,87,7,1021316.79,Negotiation,Referral,2023-06-23,,58
1399,17,35,373519.94,Closed Won,Inbound,2023-07-26,2023-06-21,55
1400,35,19,129122.45,Qualification,Cold Call,2025-02-23,,23
1401,31,11,134736.94,Closed Lost,Inbound,2025-03-19,2024-10-28,0
1402,33,44,63437.27,Qualification,Cold Call,2024-07-23,,60
1403,97,37,284889.35,Negotiation,Inbound,2023-11-22,,79
1404,96,34,23781.2,Qualification,Partner,2024-02-07,,26
1405,100,18,314047.65,Closed Lost,Outbound,2024-08-25,2023-11-03,0
1406,2,2,356659.51,Qualification,Cold Call,2023-08-10,,92
1407,70,18,93827.49,Closed Lost,Cold Call,2023-11-02,2023-11-19,0
1408,82,14,70968.77,Qualification,Outbound,2023-08-25,,68
1409,33,15,635481.21,Closed Won,Partner,2024-05-22,2025-01-20,88
1410,81,41,40289.54,Negotiation,Partner,2024-04-15,,49
1411,45,20,218320.05,Closed Won,Referral,2025-02-10,2025-04-21,93
1412,16,47,170783.1,Closed Lost,Partner,2023-01-24,2024-12-01,0
1413,23,5,161557.2,Qualification,Cold Call,2024-12-09,,82
1414,32,38,1063678.0,Closed Won,Inbound,2024-07-30,2024-04-07,39
1415,40,11,138491.37,Closed Won,Event,2023-10-03,2025-05-04,100
1416,6,50,189129.92,Proposal,Partner,2025-01-21,,88
1417,76,43,81314.34,Closed Lost,Partner,2023-02-11,2023-04-28,0
1418,79,38,521208.62,Proposal,Cold Call,2024-11-14,,95
1419,98,7,109783.5,Negotiation,Event,2024-01-20,,55
1420,98,45,1011346.41,Closed Won,Partner,2023-10-17,2024-01-13,49
1421,97,39,65630.53,Closed Won,Referral,2024-01-03,2025-01-07,25
1422,42,33,597822.07,Closed Won,Inbound,2024-08-20,2024-01-27,74
1423,67,33,309541.42,Proposal,Cold Call,2024-04-19,,44
1424,100,25,806525.27,Prospecting,Outbound,2025-01-17,,93
1425,95,16,508854.33,Proposal,Cold Call,2024-12-25,,26
1426,67,36,41621.66,Closed Won,Partner,2024-10-04,2023-06-01,55
1427,11,11,627860.76,Qualification,Cold Call,2024-03-28,,49
1428,75,33,2070064.44,Qualification,Cold Call,2024-07-16,,74
1429,32,29,1150041.03,Negotiation,Outbound,2024-12-08,,51
1430,6,6,884164.07,Proposal,Inbound,2023-02-14,,69
1431,49,36,295255.51,Prospecting,Event,2025-02-14,,70
1432,38,29,1259548.8,Negotiation,Cold Call,2023-05-20,,40
1433,6,24,188644.8,Closed Won,Partner,2023-04-06,2025-02-13,91
1434,96,27,264624.43,Closed Won,Cold Call,2023-11-17,2023-12-10,22
1435,22,8,217563.22,Closed Won,Outbound,2023-05-14,2023-03-04,53
1436,70,2,199279.46,Qualification,Inbound,2023-01-14,,12
1437,98,3,375524.21,Closed Won,Partner,2024-10-30,2023-11-23,50
1438,67,2,735975.49,Closed Won,Cold Call,2023-04-05,2023-05-09,48
1439,5,32,66460.35,Prospecting,Cold Call,2024-02-08,,71
1440,54,8,655611.9,Qualification,Inbound,2024-02-21,,58
1441,57,48,425733.08,Closed Won,Outbound,2023-04-19,2023-12-29,87
1442,2,36,26875.25,Prospecting,Outbound,2023-03-04,,20
1443,56,32,158501.0,Closed Won,Referral,2025-03-23,2023-03-03,84
1444,61,19,486650.34,Closed Won,Partner,2025-03-28,2025-04-20,63
1445,80,37,488258.23,Closed Won,Event,2025-03-12,2023-08-01,19
1446,30,48,237155.97,Proposal,Outbound,2023-04-04,,56
1447,17,27,23009.64,Closed Lost,Cold Call,2024-07-06,2023-08-06,0
1448,17,36,328547.05,Prospecting,Referral,2023-04-16,,26
1449,62,21,1000521.46,Proposal,Partner,2025-01-08,,73
1450,48,46,297644.63,Closed Won,Event,2025-03-27,2024-06-03,97
1451,99,43,191683.49,Proposal,Cold Call,2023-04-24,,23
1452,26,27,490403.57,Negotiation,Inbound,2023-09-19,,79
1453,77,27,166971.96,Negotiation,Referral,2023-06-22,,37
1454,81,16,1336547.23,Qualification,Cold Call,2023-12-15,,61
1455,37,49,322230.82,Proposal,Partner,2025-01-08,,55
1456,49,14,341116.7,Qualification,Inbound,2024-10-21,,53
1457,80,31,1319254.44,Prospecting,Outbound,2024-06-14,,67
1458,78,23,78286.5,Proposal,Referral,2024-10-22,,20
1459,53,48,279218.44,Closed Won,Event,2024-07-15,2023-05-29,32
1460,65,12,1048661.44,Proposal,Inbound,2023-01-03,,80
1461,66,4,753259.52,Closed Lost,Inbound,2023-06-23,2023-07-22,0
1462,19,50,492301.44,Qualification,Referral,2024-02-01,,26
1463,3,17,60875.19,Qualification,Outbound,2024-09-01,,76
1464,81,5,496583.66,Proposal,Cold Call,2024-08-27,,78
1465,5,31,809216.4,Negotiation,Cold Call,2023-08-25,,87
1466,99,16,533367.73,Proposal,Outbound,2023-10-17,,24
1467,25,32,348908.01,Negotiation,Event,2023-12-29,,30
1468,48,50,698621.11,Closed Lost,Referral,2024-02-20,2023-02-02,0
1469,76,8,1215024.94,Closed Won,Event,2023-08-08,2024-05-14,36
1470,10,19,208594.53,Negotiation,Event,2023-05-08,,18
1471,24,35,254598.9,Qualification,Partner,2024-03-18,,85
1472,61,10,1115281.83,Closed Won,Cold Call,2024-12-14,2024-04-20,38
1473,80,12,705435.33,Prospecting,Partner,2024-05-16,,37
1474,76,29,527305.54,Prospecting,Referral,2023-09-29,,26
1475,71,8,1207099.99,Closed Won,Partner,2023-09-17,2025-01-19,23
1476,61,32,125246.84,Closed Won,Referral,2023-08-15,2025-05-26,31
1477,46,10,129948.75,Negotiation,Event,2023-10-15,,99
1478,98,9,742857.82,Proposal,Outbound,2023-09-05,,34
1479,94,27,510836.94,Proposal,Event,2024-01-06,,100
1480,83,23,294526.49,Proposal,Cold Call,2025-01-13,,57
1481,57,32,101815.66,Negotiation,Referral,2023-09-02,,97
1482,87,50,941192.72,Closed Won,Partner,2023-01-15,2024-10-12,31
1483,91,36,122151.28,Closed Won,Event,2023-12-10,2024-06-14,51
1484,83,38,671438.88,Negotiation,Referral,2024-01-18,,71
1485,4,7,184776.42,Negotiation,Partner,2024-12-16,,67
1486,25,5,31232.22,Closed Lost,Event,2024-09-26,2025-02-02,0
1487,40,45,1526024.46,Closed Lost,Cold Call,2024-12-05,2025-03-04,0
1488,26,11,131892.21,Closed Lost,Referral,2024-03-10,2023-06-07,0
1489,28,20,139625.12,Closed Won,Cold Call,2024-11-08,2024-06-30,19
1490,1,18,177175.06,Prospecting,Event,2023-08-03,,99
1491,89,31,378125.93,Closed Lost,Cold Call,2024-03-24,2023-07-22,0
1492,98,17,63802.12,Closed Won,Event,2024-11-12,2024-02-18,92
1493,45,44,223555.92,Prospecting,Inbound,2024-05-21,,56
1494,98,25,340443.58,Prospecting,Cold Call,2025-01-13,,69
1495,50,35,275708.29,Closed Won,Event,2023-11-22,2025-03-23,75
1496,75,3,559781.66,Closed Won,Partner,2024-02-13,2025-04-21,84
1497,50,17,80660.55,Closed Won,Event,2024-08-18,2023-08-30,30
1498,72,40,637300.2,Closed Won,Partner,2023-01-14,2023-04-08,93
1499,81,9,331529.27,Closed Lost,Inbound,2023-01-26,2024-10-08,0
1500,78,6,123523.63,Proposal,Event,2023-05-22,,61
