game_id,home_team_id,away_team_id,game_date,home_score,away_score,attendance,season_type
1,4,10,2024-12-09,89,117,16379,regular
2,7,1,2024-02-10,117,118,21934,playoff
3,17,13,2024-07-10,129,117,13737,playoff
4,6,8,2024-05-13,126,134,14757,playoff
5,1,12,2024-10-20,131,120,16586,regular
6,15,14,2024-07-26,138,115,20459,regular
7,4,15,2023-10-03,97,129,18290,playoff
8,6,19,2023-12-28,98,127,18087,regular
9,17,3,2025-02-24,114,119,14450,playoff
10,5,13,2024-09-13,137,108,21226,playoff
11,14,18,2023-10-24,122,138,18887,regular
12,8,5,2024-02-25,114,131,15605,playoff
13,4,15,2023-10-28,124,117,14482,regular
14,8,16,2023-11-27,128,137,12588,playoff
15,11,9,2025-04-08,140,136,19340,regular
16,18,9,2024-12-31,136,114,21517,playoff
17,9,3,2024-12-29,125,135,18893,playoff
18,11,20,2025-03-21,97,122,13268,regular
19,15,7,2023-12-07,114,117,17779,regular
20,11,16,2024-08-05,123,88,18055,playoff
21,6,13,2024-05-03,137,120,20282,playoff
22,18,17,2024-04-28,113,111,20603,regular
23,5,1,2024-11-12,128,115,13298,regular
24,8,19,2024-01-20,110,128,14955,regular
25,20,1,2024-09-06,125,139,13445,regular
26,5,19,2025-04-05,126,135,20568,playoff
27,4,17,2023-10-28,134,93,20002,regular
28,13,20,2023-11-07,130,133,13940,regular
29,15,19,2025-02-04,93,99,14404,regular
30,13,18,2024-05-17,123,99,16503,playoff
31,10,15,2024-08-19,87,100,12724,playoff
32,16,11,2024-11-27,114,117,20496,regular
33,7,11,2024-12-30,107,129,12217,playoff
34,15,8,2024-03-23,132,91,15572,regular
35,11,20,2023-11-13,106,125,17214,playoff
36,2,12,2024-01-04,93,126,20598,playoff
37,20,8,2024-07-13,118,102,16315,regular
38,10,12,2024-05-02,117,119,13714,regular
39,10,3,2023-11-22,104,115,13677,regular
40,8,11,2024-04-21,139,88,18563,playoff
41,4,11,2024-11-06,125,133,20746,regular
42,2,19,2025-01-04,125,113,19313,regular
43,5,8,2024-06-30,125,104,17851,playoff
44,17,10,2025-01-27,101,111,21412,playoff
45,1,8,2024-12-07,137,134,19000,playoff
46,1,3,2024-02-15,112,98,17231,playoff
47,7,16,2024-05-01,117,127,13950,playoff
48,19,16,2024-03-13,108,113,21853,regular
49,15,8,2024-11-06,91,117,21167,regular
50,2,5,2023-12-30,121,138,17430,playoff
51,10,6,2024-05-20,137,99,14868,playoff
52,3,13,2024-10-16,139,132,13130,playoff
53,9,18,2024-12-17,100,122,18374,regular
54,15,7,2024-10-28,104,103,19715,playoff
55,13,6,2024-09-18,131,92,21376,playoff
56,18,10,2025-02-10,126,90,16386,regular
57,14,3,2024-09-09,113,85,12215,regular
58,6,3,2024-01-05,117,127,18627,regular
59,10,4,2024-08-03,99,135,16480,playoff
60,13,2,2024-06-18,130,122,21215,regular
61,16,15,2024-02-09,103,86,21690,regular
62,18,13,2024-06-04,103,127,15297,regular
63,5,14,2024-09-21,139,125,12484,playoff
64,6,4,2024-11-29,120,97,18178,playoff
65,15,4,2024-10-21,123,132,18807,playoff
66,14,3,2024-08-16,85,93,18457,regular
67,9,6,2024-02-15,136,87,14097,regular
68,8,9,2025-04-10,124,122,12649,regular
69,7,15,2024-05-14,112,120,18897,playoff
70,12,1,2025-01-06,91,115,13182,playoff
71,5,10,2024-11-17,102,137,13970,playoff
72,10,1,2024-05-04,124,95,16019,playoff
73,3,15,2024-11-08,104,139,17906,playoff
74,10,5,2024-10-20,140,136,12860,regular
75,18,13,2024-02-09,100,116,18219,regular
76,3,19,2024-09-30,122,135,18248,playoff
77,12,19,2024-04-05,133,95,19962,playoff
78,13,9,2024-08-01,136,90,21959,regular
79,1,7,2025-04-13,139,135,17298,regular
80,6,11,2024-05-01,106,89,16441,playoff
81,9,18,2024-02-22,110,115,14958,regular
82,19,1,2024-06-03,104,115,15824,regular
83,9,12,2023-12-25,102,109,18124,playoff
84,10,19,2024-03-01,138,97,17858,regular
85,4,9,2025-01-11,129,135,20617,playoff
86,19,11,2024-02-15,98,89,12132,playoff
87,1,19,2024-06-06,105,103,19222,playoff
88,14,20,2024-04-16,91,117,12848,playoff
89,17,2,2025-04-01,88,91,19871,regular
90,3,10,2023-12-26,98,122,17317,regular
91,3,9,2025-02-04,99,112,20763,playoff
92,6,4,2025-02-09,136,85,20986,regular
93,18,15,2024-11-19,91,87,20593,playoff
94,14,10,2025-01-08,93,106,12866,playoff
95,18,1,2024-12-12,94,140,21473,regular
96,8,3,2024-04-01,108,101,15214,regular
97,13,2,2024-04-17,88,96,12888,regular
98,17,14,2024-09-08,140,106,12309,playoff
99,5,6,2024-01-06,103,132,13570,playoff
100,5,1,2025-02-03,110,111,12600,regular
101,11,3,2024-02-23,101,105,12312,regular
102,13,14,2025-03-15,100,98,14304,regular
103,5,20,2023-11-02,102,87,17234,regular
104,19,5,2024-03-29,96,127,12773,playoff
105,13,5,2024-01-06,126,86,12759,regular
106,4,7,2024-08-10,101,119,15425,regular
107,19,4,2024-03-27,97,99,17957,regular
108,17,13,2024-05-07,92,135,14593,regular
109,20,9,2024-11-25,106,138,16641,playoff
110,5,7,2025-02-24,104,96,18549,playoff
111,10,15,2023-10-06,112,135,14838,playoff
112,19,17,2024-07-01,112,97,14848,regular
113,19,12,2025-01-07,100,112,19758,regular
114,9,19,2024-10-04,120,125,14905,playoff
115,8,12,2024-01-03,110,138,17482,regular
116,13,20,2024-09-05,108,137,21219,regular
117,9,16,2024-03-10,133,109,18057,regular
118,17,2,2024-11-30,124,111,16917,regular
119,9,16,2024-05-12,135,108,16083,playoff
120,19,12,2024-12-26,95,103,16436,playoff
121,14,11,2024-09-11,127,99,15414,playoff
122,5,19,2024-06-12,120,106,14524,playoff
123,7,13,2024-03-03,116,122,16879,regular
124,11,16,2025-01-11,90,95,18854,regular
125,18,8,2024-05-05,105,102,16695,playoff
126,18,11,2024-12-13,117,132,16036,regular
127,14,4,2025-04-04,110,131,14410,playoff
128,19,16,2024-05-30,122,125,21968,regular
129,14,4,2024-05-17,107,140,20193,regular
130,4,13,2024-04-19,135,117,19567,regular
131,1,8,2024-05-01,86,116,19765,regular
132,13,2,2024-03-19,115,129,12066,regular
133,9,18,2025-02-05,124,112,21074,regular
134,18,5,2024-07-08,109,131,21401,regular
135,4,5,2024-11-11,92,103,15218,playoff
136,15,13,2024-07-11,96,105,14361,regular
137,13,10,2024-11-19,107,133,15360,regular
138,20,4,2024-08-03,114,93,12185,regular
139,13,19,2023-12-21,101,117,13799,regular
140,14,13,2025-01-14,130,103,13448,playoff
141,15,1,2024-05-17,111,128,15579,playoff
142,8,4,2024-11-02,87,91,13760,regular
143,12,19,2024-11-14,86,92,16045,playoff
144,19,2,2024-04-17,133,90,15709,regular
145,9,20,2024-12-03,98,115,19897,regular
146,9,18,2024-07-15,135,91,12746,playoff
147,3,2,2024-12-18,89,140,20087,regular
148,2,3,2024-01-02,101,119,13699,playoff
149,1,10,2023-12-25,122,126,12408,regular
150,10,6,2025-03-26,87,94,21204,playoff
151,14,4,2023-11-03,110,119,13185,regular
152,8,10,2024-04-23,94,92,16224,playoff
153,10,18,2023-12-01,101,94,15432,playoff
154,7,3,2025-02-01,112,88,21264,regular
155,16,19,2025-04-09,91,98,18261,regular
156,3,11,2024-01-10,135,115,13415,playoff
157,4,7,2024-01-09,93,135,21551,playoff
158,1,5,2023-10-05,104,114,14647,regular
159,10,3,2025-03-30,92,93,19526,playoff
160,11,5,2023-12-16,116,129,21954,regular
161,14,16,2024-10-12,139,117,20042,playoff
162,10,14,2023-12-13,97,123,15913,regular
163,2,16,2024-01-22,104,124,18208,regular
164,19,10,2024-03-04,95,100,13949,playoff
165,10,2,2024-05-31,89,130,13350,playoff
166,7,11,2024-12-17,88,111,15039,playoff
167,3,14,2024-09-17,120,101,17523,regular
168,11,6,2025-02-20,133,126,17109,regular
169,1,5,2024-07-16,125,108,19971,regular
170,15,19,2024-07-09,119,123,20529,playoff
171,14,13,2025-03-02,123,103,21342,regular
172,2,1,2024-09-13,108,91,19089,playoff
173,12,13,2024-10-07,98,108,20271,playoff
174,5,6,2023-12-28,113,125,19465,regular
175,13,20,2024-10-05,93,133,18637,playoff
176,1,9,2023-10-09,109,140,19805,regular
177,2,3,2024-07-08,103,139,13822,regular
178,1,13,2024-12-05,117,126,14949,playoff
179,2,17,2024-01-14,113,134,12084,regular
180,14,20,2023-11-30,119,123,16455,regular
181,16,5,2023-10-08,119,94,19728,playoff
182,6,7,2024-01-22,117,131,13994,playoff
183,6,5,2024-02-29,99,94,14965,regular
184,18,5,2025-04-01,103,85,16550,playoff
185,11,5,2024-10-01,118,97,21928,playoff
186,2,1,2023-11-09,102,90,21080,playoff
187,15,4,2024-01-13,99,108,13891,regular
188,12,1,2024-08-17,137,139,15182,playoff
189,15,5,2025-03-27,95,134,21700,regular
190,1,14,2024-10-03,103,92,20017,regular
191,20,15,2023-10-30,118,100,14091,regular
192,3,1,2024-07-21,104,91,17397,regular
193,10,3,2024-02-07,124,106,20364,regular
194,9,10,2024-11-23,115,120,19440,playoff
195,5,18,2023-12-27,87,96,20354,regular
196,1,13,2024-09-17,99,133,20154,regular
197,8,15,2024-01-27,120,122,14390,regular
198,8,15,2024-11-16,101,100,21769,regular
199,11,20,2024-09-17,120,105,20077,playoff
200,19,20,2023-10-22,104,129,20924,playoff
201,6,19,2024-12-03,132,85,21875,playoff
202,19,2,2024-10-02,129,104,14510,playoff
203,1,13,2023-11-19,89,131,18365,playoff
204,14,15,2025-01-06,100,99,16478,playoff
205,15,2,2024-08-21,90,110,14357,playoff
206,14,3,2023-12-10,99,111,16896,regular
207,5,12,2023-10-21,99,125,20389,playoff
208,7,16,2024-03-13,131,110,18517,playoff
209,9,10,2025-02-22,114,134,14954,playoff
210,1,18,2024-04-06,103,128,15938,regular
211,9,6,2025-03-08,98,104,12078,regular
212,9,3,2024-02-07,114,130,17043,regular
213,11,20,2024-11-11,100,140,21836,regular
214,11,18,2025-01-12,106,105,16616,regular
215,13,6,2024-10-22,138,116,12244,regular
216,9,6,2023-12-02,108,113,15918,regular
217,8,5,2024-09-11,124,135,21826,playoff
218,12,6,2023-12-24,99,139,17278,regular
219,17,13,2024-07-13,99,87,12331,regular
220,20,14,2024-01-01,110,96,19251,regular
221,4,16,2024-02-20,103,95,14146,regular
222,10,3,2025-04-07,111,114,14897,regular
223,12,8,2024-11-19,122,96,18266,regular
224,16,1,2024-02-07,110,99,17815,regular
225,7,4,2024-03-09,138,99,20193,regular
226,10,18,2024-10-01,134,137,12124,regular
227,5,2,2023-11-19,111,91,13740,regular
228,8,7,2024-05-19,108,124,20018,playoff
229,3,2,2023-10-23,85,88,15011,playoff
230,14,4,2024-04-06,109,94,17578,playoff
231,9,16,2024-10-12,89,117,17798,playoff
232,1,15,2024-02-24,122,124,15717,regular
233,10,12,2024-05-10,131,136,14239,regular
234,3,13,2025-01-22,126,125,19626,regular
235,10,11,2024-12-25,109,103,16717,regular
236,15,1,2024-01-30,135,132,16844,playoff
237,7,4,2025-01-05,90,127,20174,playoff
238,14,20,2024-09-17,106,88,14896,playoff
239,14,3,2024-03-12,93,86,21073,regular
240,11,16,2024-11-20,120,88,13215,regular
241,5,20,2024-01-25,100,89,18402,playoff
242,18,15,2025-02-01,86,109,19005,regular
243,11,8,2024-04-21,93,94,19967,regular
244,18,12,2023-12-13,122,94,14261,playoff
245,17,10,2024-10-11,126,117,18784,regular
246,16,3,2024-03-04,90,103,21933,playoff
247,7,1,2024-06-07,87,86,19431,playoff
248,8,19,2024-03-01,133,119,15986,regular
249,7,5,2024-09-17,101,112,21821,playoff
250,13,7,2025-04-01,93,115,16224,regular
251,16,18,2025-02-20,97,136,18762,playoff
252,19,3,2025-03-20,106,98,14284,regular
253,4,20,2023-11-01,134,102,18354,playoff
254,6,14,2024-04-06,110,103,19062,playoff
255,8,12,2024-02-25,89,136,19992,regular
256,9,11,2024-06-11,107,99,20011,playoff
257,13,11,2025-01-23,133,109,18729,playoff
258,17,15,2024-12-10,117,103,14617,regular
259,9,19,2024-10-11,103,130,13971,regular
260,10,14,2024-08-18,125,93,12095,playoff
261,19,5,2024-08-30,121,111,18276,playoff
262,4,5,2023-11-25,137,128,18909,regular
263,15,14,2024-04-01,130,116,21785,regular
264,11,1,2024-05-08,124,113,16217,playoff
265,5,3,2024-01-21,93,121,16934,playoff
266,12,1,2024-04-18,96,94,16795,playoff
267,15,18,2023-10-07,139,129,16700,playoff
268,16,19,2024-02-18,114,139,18120,regular
269,17,10,2023-11-23,129,126,19519,regular
270,7,8,2025-03-26,126,124,14194,regular
271,10,15,2024-02-25,120,128,15981,regular
272,15,5,2024-07-03,129,88,17188,regular
273,13,16,2024-12-29,110,134,12192,playoff
274,7,14,2024-02-21,125,99,20523,playoff
275,7,1,2024-02-19,92,89,14482,regular
276,2,17,2024-07-01,103,117,14072,playoff
277,9,18,2024-05-05,98,133,18928,playoff
278,19,13,2025-03-05,86,135,14726,playoff
279,16,3,2024-10-25,129,98,12142,playoff
280,9,10,2024-02-14,112,123,12393,playoff
281,14,9,2023-11-23,121,130,13863,regular
282,5,9,2024-01-04,124,108,21239,regular
283,12,2,2023-10-01,137,126,13268,regular
284,11,10,2025-01-29,110,92,17652,regular
285,18,2,2025-03-05,98,118,21454,regular
286,10,9,2023-12-02,125,89,16617,regular
287,9,8,2024-11-19,89,107,18307,playoff
288,3,7,2024-04-13,138,106,20559,regular
289,9,17,2025-01-31,126,98,17083,playoff
290,11,12,2024-04-19,117,88,12689,regular
291,4,13,2024-10-25,118,105,16617,playoff
292,4,16,2025-01-04,138,137,20993,playoff
293,2,3,2024-03-07,123,87,19579,regular
294,13,17,2024-04-27,129,120,19925,regular
295,14,3,2025-03-12,91,108,18377,playoff
296,17,14,2025-01-24,92,90,18314,playoff
297,12,19,2025-03-17,132,130,15308,regular
298,6,14,2023-11-12,89,115,17256,regular
299,11,18,2024-04-12,98,108,16187,playoff
300,18,3,2024-12-06,122,107,17360,playoff
301,5,18,2024-10-08,108,100,15922,regular
302,19,20,2025-03-05,134,133,14672,playoff
303,6,13,2024-02-23,110,127,13544,playoff
304,16,11,2023-12-08,120,87,17410,playoff
305,14,20,2024-05-01,120,116,12070,regular
306,1,5,2024-09-14,135,117,15350,regular
307,15,6,2024-10-28,115,133,19045,regular
308,9,11,2024-10-14,89,125,13003,regular
309,11,5,2024-10-14,140,118,16912,playoff
310,4,8,2025-04-10,85,136,19653,regular
311,1,18,2024-02-06,121,115,12130,playoff
312,8,18,2024-03-19,140,130,19926,playoff
313,16,15,2024-01-27,132,133,13980,playoff
314,5,11,2025-02-04,93,129,20256,playoff
315,7,1,2023-12-02,134,123,12141,playoff
316,3,5,2024-02-22,89,88,16565,regular
317,7,10,2025-02-12,128,103,15548,regular
318,12,16,2024-12-31,139,137,19694,regular
319,20,14,2025-01-29,92,128,13774,playoff
320,12,14,2024-11-12,107,134,18596,playoff
321,14,10,2024-10-21,87,123,20585,regular
322,7,10,2023-10-17,134,102,12286,playoff
323,5,6,2024-07-15,137,138,14267,playoff
324,12,7,2024-04-23,134,114,14986,regular
325,3,19,2024-06-21,89,133,15995,regular
326,15,1,2024-07-18,108,129,19835,regular
327,14,2,2024-09-07,133,92,20074,regular
328,3,11,2024-01-07,87,132,12718,regular
329,13,5,2023-11-01,111,85,20256,regular
330,5,13,2024-05-01,107,120,16286,playoff
331,11,15,2024-04-26,140,120,15615,playoff
332,10,17,2024-04-29,117,130,17868,playoff
333,3,6,2024-11-16,91,103,19733,regular
334,9,13,2025-03-01,100,130,18769,playoff
335,10,8,2023-10-24,136,94,15402,regular
336,16,5,2024-11-21,137,127,18935,playoff
337,5,17,2024-11-06,94,104,20826,playoff
338,9,19,2025-02-22,95,131,14105,playoff
339,1,2,2024-02-22,136,87,12340,playoff
340,2,3,2024-10-21,104,127,12286,playoff
341,3,19,2024-09-11,86,120,16584,regular
342,5,16,2024-04-25,92,110,12934,regular
343,8,11,2024-05-10,111,139,18248,regular
344,1,3,2023-11-08,88,131,21655,regular
345,17,19,2024-12-28,100,89,20536,regular
346,1,10,2025-03-28,139,137,12734,regular
347,17,8,2024-07-12,106,129,13056,playoff
348,18,6,2023-11-21,124,128,15770,regular
349,9,8,2024-12-01,125,113,18958,regular
350,8,14,2025-03-30,110,95,12405,regular
351,5,20,2024-12-13,128,125,20518,regular
352,12,19,2025-01-12,104,134,16201,playoff
353,1,12,2023-12-15,130,99,13446,regular
354,12,18,2024-06-07,98,128,12137,playoff
355,16,7,2025-02-27,123,113,16754,regular
356,4,18,2024-08-11,122,92,14292,playoff
357,20,8,2024-09-29,115,111,12471,regular
358,13,16,2024-01-09,112,115,20340,playoff
359,16,13,2025-03-27,140,93,20891,regular
360,14,8,2025-03-22,112,119,17857,regular
361,3,13,2024-03-14,134,135,19534,playoff
362,6,19,2024-12-09,95,96,19082,playoff
363,15,17,2025-03-11,138,129,12183,regular
364,15,13,2024-08-28,90,110,14769,regular
365,18,20,2025-01-17,123,85,16774,regular
366,11,19,2024-02-16,119,91,17299,playoff
367,20,16,2024-03-04,115,114,19107,playoff
368,20,16,2023-10-26,109,103,20995,regular
369,18,12,2023-10-26,132,119,17195,regular
370,3,10,2024-12-25,92,134,13791,playoff
371,11,16,2024-04-10,120,122,21366,regular
372,5,19,2024-11-09,140,107,17749,regular
373,18,20,2024-01-25,113,90,17052,playoff
374,2,20,2024-10-04,140,126,12714,regular
375,20,6,2024-04-03,101,102,20566,playoff
376,18,16,2025-01-17,107,125,12815,regular
377,1,5,2023-10-19,122,97,14023,regular
378,5,11,2023-12-05,125,85,20309,playoff
379,2,16,2023-10-24,102,95,18578,playoff
380,5,6,2024-04-11,95,99,18685,regular
381,4,18,2024-03-21,86,109,12685,regular
382,16,7,2024-06-24,86,93,14830,playoff
383,14,5,2025-01-05,101,129,17955,regular
384,16,10,2024-08-30,86,129,20107,regular
385,9,10,2024-10-11,110,127,18684,playoff
386,9,2,2025-04-08,131,109,20076,regular
387,12,10,2024-05-12,101,108,16167,playoff
388,3,9,2024-12-13,109,126,20994,playoff
389,12,17,2024-07-01,97,127,20301,regular
390,10,18,2024-05-22,132,139,17786,playoff
391,6,14,2024-05-09,138,116,19113,playoff
392,10,17,2024-03-06,105,100,12480,playoff
393,16,12,2023-10-05,118,115,20321,playoff
394,8,6,2024-11-22,134,126,21995,regular
395,9,10,2024-12-14,100,140,21782,playoff
396,18,2,2024-08-08,107,86,17228,regular
397,12,2,2025-03-28,123,96,16409,playoff
398,15,6,2023-10-09,131,137,12837,playoff
399,7,9,2024-04-18,96,133,21292,regular
400,15,20,2025-02-13,99,132,14324,playoff
401,9,12,2023-10-05,127,125,15959,regular
402,3,14,2024-09-24,93,106,13801,playoff
403,2,5,2023-10-05,129,125,16913,playoff
404,1,6,2024-08-15,120,91,15436,playoff
405,8,3,2024-06-28,93,114,15809,regular
406,16,11,2024-01-11,97,90,13829,regular
407,8,12,2024-07-08,121,86,14733,playoff
408,12,6,2024-06-27,114,137,14441,playoff
409,13,6,2024-09-17,136,127,13818,regular
410,17,12,2025-03-25,116,99,15152,playoff
411,12,10,2024-06-22,106,90,19067,regular
412,20,3,2024-08-27,122,99,13536,regular
413,16,10,2024-10-01,107,138,17122,regular
414,15,2,2024-02-16,133,111,19764,regular
415,18,4,2024-04-22,111,114,16054,playoff
416,9,13,2024-02-21,91,138,13423,playoff
417,16,12,2024-03-19,112,131,18969,playoff
418,4,6,2023-10-30,133,112,20416,playoff
419,17,4,2024-12-26,117,135,18426,regular
420,1,19,2024-12-08,124,88,21355,regular
421,3,14,2024-05-28,100,86,21792,playoff
422,3,14,2023-11-30,132,116,17091,playoff
423,2,11,2025-04-05,131,124,14340,regular
424,14,15,2024-01-11,99,128,14838,regular
425,9,8,2025-03-27,137,134,21110,regular
426,10,17,2024-01-01,107,139,16780,regular
427,2,5,2024-06-05,108,123,18565,playoff
428,12,2,2024-02-26,139,128,21059,regular
429,8,4,2024-02-13,100,101,19723,playoff
430,12,15,2024-04-07,109,114,21934,regular
431,4,11,2023-10-25,103,122,16673,playoff
432,7,3,2024-04-25,118,139,16901,regular
433,14,12,2023-12-26,99,135,12624,regular
434,19,16,2024-01-18,115,92,17254,regular
435,14,5,2024-01-26,128,122,19662,regular
436,13,11,2025-01-05,136,89,15500,regular
437,17,4,2024-02-22,138,112,13366,regular
438,17,16,2024-03-08,99,137,14567,regular
439,19,18,2023-12-17,100,110,17279,playoff
440,7,15,2025-02-07,112,134,13866,regular
441,12,5,2025-01-05,121,117,19984,regular
442,15,10,2023-12-22,107,139,18113,regular
443,2,9,2023-11-22,102,105,12169,regular
444,1,5,2024-10-21,134,126,20531,regular
445,18,16,2023-11-05,120,124,15490,playoff
446,12,2,2024-08-19,95,123,20241,playoff
447,15,13,2023-11-18,88,100,16459,regular
448,20,7,2025-01-13,102,111,17701,playoff
449,3,18,2024-02-27,130,131,15933,playoff
450,18,17,2023-12-17,91,87,15990,regular
451,15,6,2024-08-17,89,88,13640,regular
452,8,9,2024-01-11,109,88,20937,playoff
453,6,5,2024-05-28,85,91,20772,regular
454,12,8,2024-04-19,96,87,13258,playoff
455,17,4,2024-11-24,131,134,15641,playoff
456,1,8,2023-12-28,119,121,19846,regular
457,13,1,2025-03-06,114,132,21707,playoff
458,16,14,2023-11-17,115,96,12700,regular
459,12,5,2024-01-11,90,101,12825,playoff
460,1,15,2024-06-04,92,112,16407,playoff
461,1,18,2024-08-24,138,123,13707,regular
462,7,15,2024-10-15,85,118,13325,regular
463,19,3,2024-08-07,124,101,17927,playoff
464,12,14,2024-02-23,123,115,18478,playoff
465,11,13,2024-04-08,137,92,19430,playoff
466,16,3,2024-12-30,100,113,13905,playoff
467,5,14,2024-09-27,100,122,18566,regular
468,5,13,2024-10-25,133,138,19219,regular
469,1,12,2024-04-30,108,116,19516,regular
470,7,18,2025-02-01,139,118,16693,regular
471,6,5,2024-07-22,98,128,18238,regular
472,10,20,2024-10-25,135,110,14882,playoff
473,14,7,2023-10-01,131,98,16863,regular
474,3,15,2024-01-08,111,134,16885,regular
475,4,12,2025-03-07,96,103,15715,regular
476,20,13,2024-12-05,119,132,15394,playoff
477,9,16,2024-06-13,86,138,18361,playoff
478,13,18,2025-03-06,121,109,19914,regular
479,7,13,2024-05-24,120,134,12048,regular
480,9,18,2024-05-21,99,116,18579,regular
481,3,12,2024-02-26,121,96,21729,regular
482,6,16,2024-09-02,88,109,21802,regular
483,9,3,2023-11-21,87,101,18178,regular
484,19,4,2025-01-05,90,119,14790,regular
485,17,6,2024-02-05,102,115,20496,regular
486,1,3,2024-12-31,119,92,21558,playoff
487,2,16,2025-01-01,106,128,20615,playoff
488,19,16,2025-01-02,103,122,21834,regular
489,11,6,2024-01-18,140,93,20033,regular
490,4,9,2024-11-23,119,139,17500,playoff
491,12,17,2025-03-31,132,91,13671,regular
492,14,3,2024-08-16,116,98,18658,regular
493,4,14,2024-01-05,97,138,14755,playoff
494,12,20,2024-03-31,113,137,18789,regular
495,14,10,2024-05-11,123,111,19995,regular
496,3,19,2025-03-22,138,98,21666,regular
497,13,17,2023-11-18,95,129,13864,regular
498,1,16,2025-02-17,89,112,17702,regular
499,6,4,2024-04-17,109,99,18907,regular
500,8,3,2025-03-23,115,124,17397,playoff
501,19,2,2023-11-16,133,139,17086,regular
502,8,16,2024-09-30,128,95,16847,playoff
503,17,11,2024-09-14,117,99,18899,regular
504,20,19,2024-02-04,120,133,14509,playoff
505,9,7,2024-03-06,123,125,14383,playoff
506,11,4,2024-07-05,113,136,13142,regular
507,11,18,2024-06-17,89,125,20086,playoff
508,6,4,2024-04-04,137,130,15078,playoff
509,2,4,2024-11-08,129,119,15821,playoff
510,12,9,2024-04-30,91,137,21090,playoff
511,11,8,2024-11-02,91,105,15565,regular
512,20,8,2025-01-24,85,134,21794,playoff
513,17,11,2023-11-17,134,124,21619,playoff
514,10,12,2025-04-04,135,122,19615,regular
515,9,2,2024-03-29,120,132,13763,playoff
516,16,7,2024-01-04,106,126,18857,playoff
517,17,3,2024-05-08,89,98,19708,regular
518,14,15,2024-02-17,86,115,13982,playoff
519,8,10,2024-04-02,85,130,17007,regular
520,6,20,2024-07-03,132,139,13541,regular
521,2,14,2024-04-07,128,100,15845,playoff
522,11,10,2025-04-10,85,91,13636,playoff
523,10,9,2024-07-04,95,103,14544,regular
524,6,9,2024-10-11,100,136,12119,playoff
525,15,14,2024-01-02,107,129,13933,playoff
526,3,11,2023-10-09,111,102,21436,playoff
527,4,10,2024-04-15,116,107,20833,regular
528,7,15,2024-08-14,87,105,14199,playoff
529,11,3,2023-11-27,128,125,20332,regular
530,13,3,2023-12-12,127,137,12445,regular
531,11,13,2024-06-30,105,124,14969,regular
532,2,6,2024-10-26,100,115,18252,playoff
533,19,14,2024-03-20,123,96,21336,playoff
534,8,20,2024-01-04,119,109,21317,playoff
535,3,20,2025-04-07,125,137,15143,regular
536,20,8,2024-02-07,135,104,16594,regular
537,10,1,2024-03-30,109,112,20394,regular
538,9,14,2024-08-03,97,136,20476,regular
539,8,9,2024-10-14,98,115,13679,playoff
540,14,9,2025-03-03,131,87,19121,playoff
541,10,6,2024-03-29,103,100,18286,regular
542,18,11,2025-01-03,106,86,16407,regular
543,11,1,2024-09-20,121,140,14672,playoff
544,20,9,2023-10-09,115,138,16075,playoff
545,20,14,2024-05-02,103,105,17287,regular
546,16,13,2024-06-21,106,87,19502,regular
547,18,17,2023-11-08,97,85,21697,playoff
548,9,5,2025-01-09,120,117,15477,playoff
549,10,13,2025-03-12,127,109,19104,playoff
550,15,19,2024-06-21,119,124,19487,regular
551,14,4,2023-10-23,114,129,19098,regular
552,3,9,2023-12-24,124,113,13323,regular
553,7,17,2025-01-01,101,135,13681,playoff
554,13,16,2024-12-02,138,107,19080,playoff
555,1,11,2025-03-01,89,119,18920,regular
556,4,13,2024-07-26,116,127,16272,regular
557,7,10,2024-10-11,129,98,19126,playoff
558,1,9,2023-10-18,105,133,17490,playoff
559,14,19,2025-02-08,135,99,17622,playoff
560,2,5,2024-06-27,137,130,14915,playoff
561,3,16,2025-04-02,138,129,21630,regular
562,11,15,2023-11-04,92,104,14130,playoff
563,2,8,2025-02-14,119,105,19009,regular
564,13,10,2023-12-13,117,135,18738,regular
565,17,10,2024-11-20,121,100,21163,regular
566,13,7,2024-09-24,105,117,15616,regular
567,3,1,2024-02-22,134,90,19197,playoff
568,20,11,2024-05-01,90,136,12025,playoff
569,17,12,2025-02-13,94,140,19531,playoff
570,17,13,2023-11-19,133,115,15542,playoff
571,11,14,2024-04-16,94,88,18921,regular
572,9,10,2024-05-04,128,103,21750,playoff
573,13,17,2024-10-21,134,123,16007,regular
574,4,18,2024-03-03,89,128,15214,regular
575,12,15,2023-12-30,128,111,19811,regular
576,15,8,2024-12-31,138,92,16939,playoff
577,12,15,2024-03-26,114,112,18774,regular
578,13,8,2025-04-04,110,113,17130,regular
579,17,18,2025-02-19,123,116,16341,playoff
580,12,9,2024-06-02,128,103,16673,playoff
581,5,19,2024-04-12,107,139,19309,playoff
582,9,1,2024-06-02,133,135,19802,playoff
583,15,14,2024-07-15,120,115,12409,playoff
584,5,1,2024-12-05,140,115,19655,playoff
585,3,10,2024-09-24,123,113,15272,playoff
586,3,20,2025-01-25,105,133,15402,regular
587,2,19,2023-11-03,88,135,12762,playoff
588,2,14,2024-09-30,108,110,20294,regular
589,8,10,2024-09-16,131,101,16000,playoff
590,14,12,2024-04-02,100,106,15281,regular
591,14,20,2023-10-14,87,125,12603,playoff
592,15,1,2023-12-20,139,121,13149,regular
593,8,10,2024-10-05,122,133,18904,regular
594,3,17,2024-11-12,121,122,17150,regular
595,3,18,2024-08-21,91,128,20231,regular
596,15,9,2023-12-18,110,112,17111,playoff
597,16,15,2025-03-06,112,90,18690,playoff
598,1,9,2024-11-25,131,114,18551,playoff
599,18,5,2023-10-17,130,124,18109,regular
600,12,13,2024-10-18,106,123,12274,regular
601,9,6,2024-05-25,129,99,12059,regular
602,19,6,2024-07-19,116,112,12284,playoff
603,9,16,2025-03-31,128,100,18919,regular
604,5,3,2024-09-28,101,88,13101,regular
605,3,18,2024-08-11,109,87,19938,playoff
606,15,8,2024-01-01,98,120,16150,playoff
607,17,11,2025-01-09,95,101,16902,playoff
608,5,1,2024-06-25,97,105,16620,regular
609,1,6,2025-02-28,131,99,19878,regular
610,12,3,2024-11-20,119,132,18776,playoff
611,16,20,2024-04-26,104,91,13477,regular
612,12,3,2024-04-10,117,128,12141,regular
613,12,17,2024-06-30,108,97,18855,playoff
614,18,3,2025-03-23,107,98,20814,playoff
615,6,4,2024-08-31,116,120,17631,regular
616,19,17,2023-12-17,104,130,14798,playoff
617,11,12,2024-01-22,136,118,18173,playoff
618,12,6,2024-04-28,98,119,13590,regular
619,10,18,2024-01-02,133,121,20974,regular
620,2,7,2024-06-21,119,89,18310,regular
621,9,5,2024-03-26,130,123,17107,regular
622,4,12,2024-06-04,121,114,12852,regular
623,6,3,2024-03-07,117,105,19736,regular
624,10,3,2024-11-15,90,103,13443,regular
625,8,3,2024-09-29,106,126,17938,regular
626,2,3,2023-11-09,105,99,15109,regular
627,10,20,2024-12-25,85,113,20729,regular
628,4,2,2024-11-21,124,132,17907,playoff
629,11,20,2024-12-16,114,111,15889,playoff
630,11,10,2024-04-06,92,135,21791,regular
631,5,14,2024-06-30,124,139,17590,regular
632,2,14,2023-12-24,104,128,13687,regular
633,14,4,2024-10-26,129,132,18234,regular
634,1,2,2025-03-23,133,138,14169,regular
635,9,5,2024-02-04,136,132,18627,regular
636,14,17,2023-12-25,93,94,20179,playoff
637,13,6,2024-10-25,126,135,21313,playoff
638,5,1,2024-07-04,118,97,20135,regular
639,1,20,2024-05-23,107,121,14279,playoff
640,16,5,2025-01-09,133,93,12805,regular
641,6,5,2025-01-17,86,87,16379,playoff
642,20,16,2024-06-17,132,93,15135,playoff
643,4,5,2023-12-30,124,107,16837,playoff
644,6,2,2025-03-08,106,128,12377,regular
645,17,13,2024-10-24,86,136,12719,playoff
646,18,1,2024-04-04,96,135,16295,regular
647,14,12,2025-01-31,139,104,16317,playoff
648,13,11,2023-10-24,87,130,16213,regular
649,17,19,2024-12-20,117,106,18424,playoff
650,7,2,2024-09-02,91,109,17806,playoff
651,5,8,2025-02-15,117,120,20697,playoff
652,13,12,2024-05-31,112,129,13213,regular
653,13,2,2024-02-09,111,126,14261,regular
654,3,4,2024-04-16,136,131,21109,playoff
655,1,9,2024-07-10,115,138,19327,regular
656,19,1,2023-10-18,98,117,15396,playoff
657,4,9,2024-08-26,139,118,16028,regular
658,19,10,2024-02-02,104,89,16253,playoff
659,19,2,2024-08-11,108,99,19217,regular
660,18,8,2024-01-04,122,107,18698,playoff
661,7,2,2024-09-04,137,121,15621,regular
662,13,16,2024-06-18,85,136,20364,playoff
663,17,14,2024-09-04,138,136,18225,regular
664,19,6,2025-03-31,108,134,15040,regular
665,17,6,2023-10-02,130,119,13815,regular
666,5,8,2023-11-12,108,98,19156,playoff
667,14,18,2024-12-06,131,104,19945,playoff
668,16,17,2024-11-12,86,124,16563,playoff
669,18,8,2024-07-14,115,102,21413,playoff
670,19,16,2023-12-21,106,94,15785,playoff
671,7,3,2024-09-17,115,105,17402,regular
672,17,16,2025-01-11,102,119,16529,regular
673,3,10,2024-03-09,118,109,19021,playoff
674,11,4,2024-01-29,138,132,20077,playoff
675,9,11,2024-11-20,99,102,17826,playoff
676,3,12,2024-12-20,134,126,17090,regular
677,20,13,2024-12-11,113,118,15892,regular
678,2,19,2025-02-28,98,107,15009,regular
679,4,13,2023-11-08,135,97,13406,playoff
680,19,16,2024-03-07,126,125,14827,playoff
681,5,20,2025-04-07,118,102,15522,playoff
682,20,6,2024-11-24,115,109,21065,regular
683,19,17,2024-12-20,134,101,12807,regular
684,17,2,2024-04-26,102,85,15220,playoff
685,18,1,2024-09-06,89,138,15590,playoff
686,8,12,2024-11-12,135,118,18557,playoff
687,4,12,2024-07-06,105,101,18829,regular
688,12,8,2024-11-06,122,94,12670,playoff
689,16,9,2024-11-16,132,137,14257,playoff
690,5,2,2024-04-29,125,106,18473,playoff
691,20,19,2024-03-05,89,91,20695,playoff
692,14,15,2024-03-06,132,125,20213,playoff
693,2,6,2024-08-24,90,107,15563,regular
694,1,16,2024-08-23,114,106,20995,regular
695,3,6,2024-11-30,109,96,16256,regular
696,20,12,2025-03-08,110,115,16374,playoff
697,13,1,2023-10-23,113,120,19872,playoff
698,3,19,2024-01-11,129,121,21947,regular
699,15,16,2024-03-05,108,89,21381,playoff
700,10,4,2024-03-18,135,104,17555,regular
701,4,14,2025-04-07,102,124,14913,regular
702,17,11,2025-01-30,127,121,16458,playoff
703,15,14,2024-08-22,107,109,21541,regular
704,16,1,2024-08-06,108,105,16314,regular
705,10,8,2025-04-02,134,112,19712,playoff
706,4,11,2024-03-27,140,111,14307,regular
707,19,9,2023-11-25,134,124,19976,playoff
708,8,10,2024-09-19,140,92,15448,playoff
709,19,15,2023-11-22,114,92,12782,regular
710,4,11,2025-01-16,126,101,19452,regular
711,10,9,2023-12-13,100,127,16299,playoff
712,5,6,2025-01-22,107,108,20199,playoff
713,13,9,2024-09-15,91,99,16429,playoff
714,10,4,2024-09-01,110,119,18129,playoff
715,7,11,2024-02-26,94,100,20788,playoff
716,12,20,2024-09-17,120,86,19962,playoff
717,16,12,2024-11-22,117,91,18593,regular
718,5,17,2024-01-29,134,101,15168,playoff
719,6,8,2024-08-05,98,132,19275,regular
720,10,1,2024-06-14,114,91,18560,playoff
721,4,9,2025-02-12,131,116,16023,playoff
722,4,18,2024-08-23,107,130,21370,playoff
723,2,17,2025-02-23,130,98,16643,playoff
724,13,2,2023-10-27,92,114,15128,playoff
725,4,1,2024-09-21,89,114,12511,regular
726,4,15,2024-10-27,132,87,19536,playoff
727,19,2,2024-12-16,116,119,21787,regular
728,17,11,2024-01-09,105,128,18518,regular
729,4,12,2024-05-30,122,136,21005,playoff
730,15,13,2024-09-26,128,100,15243,playoff
731,16,8,2024-09-29,108,128,20637,playoff
732,2,16,2024-02-09,88,114,14176,regular
733,9,3,2024-09-18,98,99,13744,regular
734,20,1,2024-04-12,89,102,12772,playoff
735,10,6,2024-08-13,116,125,15714,playoff
736,13,8,2024-11-27,105,115,19235,regular
737,9,17,2023-10-12,86,97,12844,playoff
738,8,12,2024-12-21,134,125,17976,regular
739,13,1,2024-09-15,117,96,14973,playoff
740,8,16,2024-06-27,136,122,13119,regular
741,17,20,2024-01-15,109,112,13449,regular
742,5,7,2024-03-19,135,136,13237,playoff
743,6,11,2024-10-21,140,95,13353,regular
744,19,16,2025-04-12,135,126,21299,regular
745,11,10,2024-08-22,110,133,19397,playoff
746,9,13,2024-05-07,108,129,14963,playoff
747,11,9,2024-01-21,103,89,20532,regular
748,18,11,2024-10-26,90,98,19375,regular
749,17,1,2024-02-25,128,106,12949,regular
750,18,20,2024-05-09,91,129,19283,playoff
751,17,10,2025-04-02,134,91,16578,playoff
752,3,9,2024-02-15,109,127,14716,regular
753,3,9,2024-06-06,127,118,15249,regular
754,11,9,2024-01-22,88,91,15024,playoff
755,6,18,2023-10-12,98,109,15204,regular
756,17,16,2024-07-25,134,110,19679,playoff
757,2,19,2025-02-06,85,111,19135,regular
758,18,8,2024-10-21,134,114,14365,playoff
759,1,16,2025-02-06,111,126,13076,playoff
760,6,4,2023-11-12,116,94,16619,playoff
761,18,2,2024-01-14,127,104,20208,playoff
762,19,8,2024-03-14,87,99,18342,playoff
763,11,13,2024-12-13,101,124,19655,playoff
764,4,19,2024-11-14,124,90,12606,playoff
765,8,1,2024-06-13,109,135,21324,regular
766,19,16,2024-05-22,126,85,16888,regular
767,11,4,2025-01-04,130,123,12869,regular
768,18,3,2024-10-17,132,140,21152,regular
769,7,13,2024-11-04,119,94,19611,regular
770,15,9,2024-09-05,96,92,16040,regular
771,20,8,2024-02-19,125,110,17585,regular
772,13,1,2024-01-24,93,96,18937,regular
773,18,17,2024-07-09,114,108,20427,regular
774,5,8,2024-10-11,97,134,20933,regular
775,17,10,2023-12-24,97,128,12069,playoff
776,12,15,2024-08-30,100,136,13383,playoff
777,10,11,2024-05-10,101,109,17655,regular
778,1,6,2024-08-07,132,90,12771,regular
779,5,18,2023-12-28,100,97,21361,playoff
780,12,17,2025-02-05,125,122,21277,regular
781,8,11,2025-01-07,136,133,13637,playoff
782,16,3,2023-10-28,139,116,15149,regular
783,12,14,2023-11-28,117,113,21390,playoff
784,3,5,2024-10-26,101,129,12078,playoff
785,3,13,2024-05-25,101,119,21097,playoff
786,7,8,2024-06-22,113,109,13889,playoff
787,13,15,2024-12-20,114,140,12993,regular
788,13,9,2024-08-28,99,104,21619,playoff
789,8,3,2025-01-26,125,133,15872,regular
790,8,20,2024-12-04,96,101,19392,playoff
791,16,9,2024-01-28,140,106,12005,playoff
792,18,9,2023-11-14,119,139,21611,playoff
793,15,7,2025-04-07,138,92,13519,playoff
794,13,1,2024-07-23,139,106,14657,playoff
795,2,15,2024-10-03,123,134,21498,playoff
796,16,14,2024-01-16,138,92,13761,regular
797,16,19,2024-08-10,115,110,19365,playoff
798,10,12,2025-01-15,111,106,14455,playoff
799,5,6,2024-05-03,109,128,16850,playoff
800,9,1,2023-10-11,133,98,21975,playoff
801,13,17,2024-11-30,139,107,12186,playoff
802,13,19,2024-04-04,131,123,18680,regular
803,7,17,2025-04-14,93,111,19804,regular
804,20,15,2024-12-23,113,114,21767,playoff
805,15,2,2024-04-28,133,126,21330,playoff
806,5,13,2025-01-22,99,116,21654,regular
807,15,3,2023-12-27,127,135,12903,playoff
808,8,12,2024-12-03,92,93,14824,regular
809,2,14,2024-03-20,119,126,16709,regular
810,6,8,2024-06-04,97,128,12850,regular
811,7,19,2024-07-13,99,101,18210,regular
812,13,1,2024-10-21,138,139,21273,playoff
813,8,1,2024-09-17,110,124,14138,regular
814,11,15,2024-08-26,119,110,14303,playoff
815,3,5,2024-06-05,117,106,19903,regular
816,2,13,2024-06-16,140,101,20700,playoff
817,10,18,2024-09-13,115,134,16020,regular
818,4,19,2025-03-16,125,133,12160,playoff
819,6,12,2024-02-24,107,104,20673,regular
820,11,8,2024-08-05,113,111,14162,playoff
821,11,1,2024-12-08,115,120,21021,playoff
822,18,13,2024-04-02,86,128,12688,regular
823,19,5,2024-06-12,95,92,13231,playoff
824,2,3,2024-08-29,124,130,21178,playoff
825,14,7,2024-02-12,122,134,20846,playoff
826,19,17,2024-03-12,134,115,20509,playoff
827,7,3,2024-03-10,101,136,17074,playoff
828,14,6,2024-01-24,121,137,19764,playoff
829,10,20,2023-10-09,92,112,15841,regular
830,6,18,2023-10-07,120,117,19716,regular
831,1,11,2023-11-12,90,129,14929,playoff
832,10,11,2024-03-02,128,90,12347,regular
833,6,1,2025-02-12,90,131,17912,playoff
834,12,9,2024-07-09,89,110,20680,playoff
835,20,5,2023-12-09,127,140,12910,playoff
836,13,14,2025-01-20,93,140,17235,regular
837,4,12,2025-01-01,95,110,16142,playoff
838,6,2,2024-11-11,99,140,12907,playoff
839,18,11,2025-04-08,103,132,15090,regular
840,1,19,2025-02-17,108,117,14322,regular
841,18,7,2023-10-11,110,119,18983,regular
842,3,9,2024-03-06,106,113,15753,regular
843,13,16,2025-03-28,89,102,17607,regular
844,20,15,2024-10-08,85,91,12725,regular
845,19,14,2025-02-06,116,123,14166,regular
846,20,5,2024-02-11,107,89,12757,regular
847,18,5,2024-09-26,120,131,14069,regular
848,8,5,2023-10-04,121,113,16401,regular
849,16,19,2024-03-14,106,117,21722,regular
850,11,18,2024-08-26,125,108,14046,regular
851,14,7,2024-12-28,136,123,13364,playoff
852,20,6,2025-01-20,86,135,17476,playoff
853,10,4,2024-04-05,135,104,16899,playoff
854,8,19,2024-10-29,111,95,14134,playoff
855,20,3,2024-05-31,118,119,13148,regular
856,10,19,2025-01-03,135,115,15860,playoff
857,15,16,2024-06-21,95,133,16867,regular
858,10,7,2024-08-07,125,106,19576,playoff
859,6,13,2024-01-21,108,115,17530,playoff
860,10,8,2023-11-14,118,140,14567,regular
861,8,9,2023-10-20,119,126,16863,regular
862,10,16,2024-12-02,122,140,12828,regular
863,2,19,2023-12-07,103,85,18864,playoff
864,16,8,2024-02-08,115,111,16718,regular
865,13,20,2024-02-19,129,134,14062,playoff
866,9,5,2024-11-26,87,99,21823,regular
867,2,3,2023-11-30,130,102,13642,playoff
868,5,15,2024-01-25,100,91,19538,regular
869,6,13,2024-06-21,104,89,20050,playoff
870,14,19,2023-10-12,135,85,13077,playoff
871,5,8,2025-03-24,98,106,16471,playoff
872,10,6,2025-04-04,95,121,15970,playoff
873,20,14,2025-02-04,128,111,19809,regular
874,12,8,2023-10-21,140,123,14765,regular
875,14,6,2025-01-19,132,104,15871,playoff
876,11,1,2024-04-25,87,131,14347,regular
877,19,2,2023-11-26,130,125,19083,playoff
878,15,14,2024-08-15,89,140,16933,regular
879,15,17,2024-08-28,116,100,17211,playoff
880,2,10,2024-06-11,96,126,14047,playoff
881,20,16,2023-12-02,123,94,19092,playoff
882,12,9,2024-04-19,121,99,17009,regular
883,19,13,2024-07-10,122,86,17234,regular
884,19,6,2024-09-20,135,129,14859,playoff
885,18,8,2024-04-20,106,114,16065,regular
886,8,20,2024-05-26,86,115,16542,playoff
887,8,7,2024-05-23,88,96,18932,playoff
888,4,6,2025-01-30,94,103,16153,regular
889,19,18,2025-01-12,108,97,14576,regular
890,8,20,2024-08-27,107,87,13189,playoff
891,2,5,2024-02-13,100,137,17351,regular
892,1,16,2024-10-09,130,90,17840,playoff
893,18,16,2024-06-30,88,136,12857,playoff
894,5,20,2024-08-02,126,137,17585,playoff
895,10,3,2024-03-09,90,122,18083,playoff
896,3,5,2025-03-06,105,99,12583,playoff
897,17,3,2024-06-12,122,90,17656,regular
898,12,8,2024-08-13,131,129,16160,regular
899,20,16,2025-02-21,92,106,17145,playoff
900,16,4,2024-05-24,110,112,14845,regular
901,9,14,2024-12-14,100,86,13971,playoff
902,5,3,2025-04-02,127,140,17974,playoff
903,8,11,2023-10-01,93,85,19507,playoff
904,3,11,2024-03-06,87,103,12896,playoff
905,20,18,2025-02-24,127,109,17873,playoff
906,20,15,2024-08-09,114,89,15110,regular
907,14,1,2023-11-08,117,87,13790,regular
908,3,10,2024-01-07,133,111,12820,regular
909,20,5,2025-03-09,116,138,20592,regular
910,18,7,2024-11-04,87,102,13877,playoff
911,8,18,2024-11-21,118,92,20327,playoff
912,18,12,2024-09-26,90,118,18888,regular
913,12,2,2024-10-25,127,122,17473,playoff
914,18,20,2024-10-24,133,95,19841,regular
915,17,2,2024-03-08,85,115,19999,regular
916,1,18,2024-07-24,92,128,19330,regular
917,7,15,2024-12-04,98,107,16632,regular
918,15,17,2023-10-30,99,131,20740,regular
919,2,13,2025-03-16,123,113,21804,playoff
920,4,9,2025-04-14,107,103,15349,playoff
921,15,3,2025-02-04,101,109,16316,regular
922,14,13,2024-12-01,118,117,19363,playoff
923,3,18,2025-02-15,106,133,13654,regular
924,14,10,2023-11-16,107,112,17752,playoff
925,13,7,2023-12-31,104,100,20253,regular
926,15,7,2023-10-17,122,94,12530,regular
927,12,17,2024-12-12,138,107,17427,regular
928,8,16,2025-02-05,130,115,15964,regular
929,7,4,2025-02-04,109,116,13773,regular
930,14,4,2025-04-13,108,103,19872,regular
931,1,4,2023-11-28,94,101,14269,playoff
932,10,11,2023-11-29,105,86,17604,playoff
933,19,2,2023-11-07,117,132,21233,regular
934,19,16,2025-01-12,110,125,15881,playoff
935,5,10,2024-11-05,109,91,15515,regular
936,7,10,2024-05-13,100,118,12973,regular
937,1,19,2024-05-16,90,103,17126,regular
938,20,10,2023-10-19,124,99,20056,playoff
939,4,15,2024-11-26,121,126,17146,playoff
940,14,13,2025-02-20,94,117,15189,playoff
941,4,17,2024-10-21,123,136,14568,regular
942,11,5,2024-08-31,113,134,18622,regular
943,1,6,2023-11-08,93,100,14124,regular
944,10,2,2025-01-22,108,109,19399,regular
945,6,12,2024-10-12,90,127,20497,regular
946,9,4,2024-03-18,118,139,20304,regular
947,11,3,2024-12-15,111,110,12711,regular
948,6,7,2025-02-11,122,93,20637,playoff
949,9,16,2023-11-04,125,124,21563,playoff
950,7,14,2024-02-21,90,105,19760,playoff
951,20,11,2024-07-15,138,120,16960,playoff
952,5,1,2024-06-22,94,95,21098,regular
953,9,18,2024-11-06,119,138,15135,regular
954,8,15,2023-12-18,100,114,16918,playoff
955,2,8,2024-01-21,89,138,20732,regular
956,5,13,2024-02-02,128,109,16318,regular
957,20,8,2024-11-22,127,121,12104,playoff
958,3,1,2024-01-03,101,114,20214,regular
959,4,19,2024-02-06,136,124,17166,playoff
960,20,5,2025-02-09,104,131,18704,regular
961,10,3,2024-06-25,87,99,13286,playoff
962,3,7,2025-03-12,133,89,13698,regular
963,18,4,2024-09-15,104,85,13407,regular
964,6,11,2024-12-29,125,92,21621,regular
965,10,20,2025-02-26,113,87,17917,playoff
966,1,19,2023-11-18,132,102,18330,playoff
967,4,10,2025-02-27,127,137,19516,regular
968,3,1,2024-06-25,97,91,17794,playoff
969,9,11,2024-03-05,115,93,19499,playoff
970,16,9,2025-01-08,135,88,16386,regular
971,8,7,2024-06-28,139,113,16231,playoff
972,1,8,2024-01-18,100,123,15747,playoff
973,20,10,2024-11-18,90,96,16922,regular
974,1,13,2024-03-20,86,99,18989,playoff
975,12,8,2023-11-16,89,129,17696,playoff
976,13,8,2023-11-07,90,128,13330,regular
977,18,13,2024-07-29,126,106,18668,regular
978,6,11,2023-11-08,99,110,18365,playoff
979,1,2,2024-07-24,102,113,20536,playoff
980,15,10,2025-03-15,120,109,21681,playoff
981,17,9,2025-01-21,118,89,12198,regular
982,13,4,2025-01-09,86,88,19676,regular
983,3,15,2024-05-15,116,133,19872,playoff
984,19,10,2024-04-24,123,97,12605,playoff
985,17,4,2024-12-26,92,89,13746,playoff
986,2,20,2023-10-25,102,124,14788,regular
987,9,10,2024-09-30,103,90,17475,playoff
988,15,9,2025-03-15,99,127,16964,playoff
989,11,12,2024-01-20,95,99,19865,regular
990,7,8,2023-10-02,108,100,12907,playoff
991,20,19,2024-10-28,122,96,18622,playoff
992,7,13,2025-02-01,130,92,19477,regular
993,4,15,2024-08-06,98,121,19005,regular
994,9,17,2024-03-04,116,130,15212,playoff
995,17,13,2024-06-06,139,106,14513,playoff
996,13,18,2024-01-03,114,127,16272,regular
997,8,9,2024-02-05,121,97,19890,playoff
998,15,2,2024-10-09,112,85,17961,regular
999,16,8,2025-01-16,137,105,21953,regular
1000,4,20,2024-09-12,109,93,12401,playoff
1001,19,18,2024-10-14,124,97,16308,playoff
1002,10,13,2025-03-31,98,137,21764,playoff
1003,1,4,2024-08-31,103,127,17908,playoff
1004,1,8,2024-05-31,123,130,16104,regular
1005,16,4,2024-11-08,131,119,18513,regular
1006,12,11,2023-11-26,93,123,17394,regular
1007,20,6,2023-10-08,109,88,12784,regular
1008,4,2,2024-08-30,90,137,18948,regular
1009,14,3,2025-01-13,139,122,15154,playoff
1010,9,17,2023-12-29,90,93,15784,regular
1011,2,18,2024-04-15,117,93,20697,playoff
1012,13,19,2024-11-18,124,88,19832,regular
1013,7,20,2024-06-27,89,88,16299,regular
1014,16,15,2024-11-26,125,100,17944,playoff
1015,14,3,2024-02-07,123,93,13176,regular
1016,5,1,2023-12-23,111,98,20622,playoff
1017,10,4,2023-12-04,115,109,15659,regular
1018,5,7,2024-01-28,111,101,19149,regular
1019,14,17,2023-12-07,97,105,18780,playoff
1020,14,9,2024-06-06,85,138,14414,regular
1021,19,3,2024-05-21,130,121,14943,playoff
1022,5,18,2024-11-15,94,125,19441,regular
1023,6,13,2025-01-15,123,100,21554,playoff
1024,20,19,2024-03-18,105,139,15055,playoff
1025,6,14,2024-06-21,133,101,16936,playoff
1026,8,14,2025-04-08,134,130,19127,regular
1027,4,3,2024-05-15,104,135,15617,regular
1028,14,9,2025-03-16,86,123,12401,playoff
1029,18,16,2024-09-06,115,90,17198,playoff
1030,20,2,2024-11-01,134,125,14734,playoff
1031,17,16,2024-03-24,124,88,17838,regular
1032,5,1,2024-06-29,130,131,18392,regular
1033,15,6,2024-03-31,92,111,18501,playoff
1034,1,7,2024-08-27,94,97,20334,playoff
1035,3,18,2024-03-28,135,85,17234,playoff
1036,20,19,2025-01-22,121,116,15725,playoff
1037,19,7,2024-10-02,123,138,20009,playoff
1038,12,3,2024-02-27,121,126,16175,playoff
1039,9,3,2024-05-09,89,115,18414,playoff
1040,1,7,2024-12-09,130,118,14431,playoff
1041,13,15,2024-01-15,140,112,13694,regular
1042,12,18,2024-03-13,103,131,15363,regular
1043,1,20,2024-10-05,119,87,18519,regular
1044,2,17,2024-03-19,129,94,16140,regular
1045,17,15,2024-03-24,99,138,13812,regular
1046,16,17,2023-12-25,118,97,14814,playoff
1047,8,14,2024-07-24,107,133,20925,playoff
1048,5,6,2024-02-14,85,115,12107,regular
1049,20,15,2024-07-29,139,86,14256,playoff
1050,9,3,2024-03-13,112,128,20029,playoff
1051,7,13,2024-03-09,105,89,17361,playoff
1052,11,3,2023-10-20,128,130,12300,playoff
1053,3,2,2024-08-06,117,92,20810,playoff
1054,5,20,2024-04-30,112,96,12780,regular
1055,7,14,2024-02-15,85,113,14113,regular
1056,11,2,2025-03-25,94,132,15783,regular
1057,7,9,2024-07-08,128,94,15235,playoff
1058,11,7,2024-12-19,121,92,21390,regular
1059,18,1,2024-01-23,140,123,18808,playoff
1060,8,4,2024-12-10,112,138,18316,playoff
1061,10,1,2023-10-02,100,98,16165,playoff
1062,9,20,2024-11-02,89,86,13631,playoff
1063,13,9,2023-10-05,122,114,12501,playoff
1064,10,11,2024-01-11,120,86,17393,regular
1065,16,14,2024-11-26,104,94,14784,regular
1066,19,5,2024-01-30,103,91,17876,regular
1067,11,1,2024-11-21,126,124,21390,playoff
1068,4,7,2024-03-15,92,106,17429,playoff
1069,6,8,2024-02-14,129,95,21055,regular
1070,11,17,2024-04-15,138,120,19471,playoff
1071,10,8,2023-11-28,107,102,17014,playoff
1072,13,6,2024-04-21,106,132,21761,playoff
1073,2,4,2024-09-02,90,92,14607,playoff
1074,11,17,2024-04-03,128,112,19585,playoff
1075,18,20,2024-11-15,119,96,12661,regular
1076,3,15,2023-10-20,102,119,15898,regular
1077,9,12,2025-03-03,136,119,12114,playoff
1078,4,18,2024-08-12,112,89,14150,regular
1079,20,8,2024-09-01,108,129,16833,playoff
1080,20,6,2024-09-26,87,105,21232,playoff
1081,15,11,2023-12-30,113,116,13752,regular
1082,15,19,2024-05-16,136,120,12300,playoff
1083,11,15,2024-12-26,111,94,16097,playoff
1084,4,3,2025-04-15,109,85,21338,playoff
1085,17,19,2024-01-20,114,87,17711,regular
1086,6,4,2024-04-24,134,98,18208,playoff
1087,2,1,2024-07-05,117,97,19512,playoff
1088,3,5,2025-03-12,127,117,21612,regular
1089,1,16,2024-01-17,102,109,13914,regular
1090,19,16,2024-02-07,121,140,19643,regular
1091,11,13,2024-05-13,88,135,15461,playoff
1092,18,17,2024-02-27,128,107,20410,playoff
1093,18,17,2024-01-16,110,117,20947,playoff
1094,8,19,2024-06-05,114,110,12838,regular
1095,1,16,2024-07-18,100,116,21541,playoff
1096,9,11,2024-06-15,114,128,17074,playoff
1097,4,2,2024-03-23,113,110,18980,regular
1098,13,11,2024-05-25,103,126,16877,playoff
1099,12,19,2024-11-04,91,129,12507,playoff
1100,8,11,2025-03-11,122,126,15429,playoff
1101,19,2,2024-12-13,114,136,17961,playoff
1102,15,17,2025-02-20,133,99,17404,playoff
1103,18,3,2025-03-22,109,115,17069,regular
1104,10,2,2024-05-03,116,138,12930,playoff
1105,4,15,2024-01-05,114,109,15167,playoff
1106,1,20,2025-03-31,116,117,15570,playoff
1107,19,6,2024-04-20,94,97,20209,playoff
1108,10,1,2024-11-22,100,97,21529,playoff
1109,5,18,2023-11-14,106,128,15068,regular
1110,3,5,2024-11-06,137,128,17161,regular
1111,6,15,2024-09-03,100,105,13947,playoff
1112,20,15,2023-11-24,94,101,15086,regular
1113,5,8,2025-02-10,102,115,13226,playoff
1114,14,11,2024-06-05,87,122,17848,playoff
1115,12,20,2023-11-12,129,113,14437,regular
1116,2,14,2024-06-14,92,115,13206,regular
1117,14,10,2024-10-04,101,135,21234,playoff
1118,16,13,2024-03-12,92,134,13765,regular
1119,20,3,2025-02-01,125,94,12233,playoff
1120,11,1,2024-11-18,113,132,13693,regular
1121,6,5,2024-05-30,119,126,12432,playoff
1122,13,10,2024-09-26,103,111,16068,regular
1123,9,12,2024-09-13,108,105,21513,playoff
1124,2,5,2024-09-05,111,98,19023,regular
1125,16,20,2025-04-04,116,134,21924,playoff
1126,7,8,2025-02-11,126,93,18716,regular
1127,19,2,2024-11-24,101,128,12579,regular
1128,17,6,2024-06-07,129,132,18558,playoff
1129,5,14,2024-04-06,121,86,15010,regular
1130,2,19,2024-09-10,113,108,12382,playoff
1131,4,15,2023-11-08,134,123,19072,playoff
1132,1,3,2024-01-19,106,128,14828,regular
1133,2,7,2024-05-01,122,139,16142,playoff
1134,20,2,2025-01-30,114,112,14680,regular
1135,13,6,2024-04-16,131,89,15893,regular
1136,19,3,2024-03-10,132,123,21469,playoff
1137,20,5,2024-09-10,92,85,15675,regular
1138,16,3,2024-12-01,95,96,12690,regular
1139,18,5,2024-05-26,94,117,19590,playoff
1140,9,6,2023-11-25,114,134,17170,playoff
1141,20,18,2025-04-07,105,116,20772,playoff
1142,6,18,2024-11-13,94,88,15170,regular
1143,6,17,2023-10-27,138,129,13296,regular
1144,14,19,2024-07-25,120,88,16238,playoff
1145,14,12,2024-08-27,117,122,14250,playoff
1146,16,14,2024-11-30,85,139,12318,playoff
1147,9,15,2024-06-20,94,129,17613,regular
1148,12,15,2025-01-19,98,113,16105,playoff
1149,16,18,2023-10-15,119,101,19233,regular
1150,20,9,2025-02-02,111,105,19669,playoff
1151,2,14,2025-03-10,90,94,20194,playoff
1152,5,18,2024-11-12,104,94,20559,regular
1153,20,5,2024-02-28,117,135,18570,regular
1154,13,9,2023-10-28,92,113,12021,playoff
1155,7,16,2025-03-12,89,126,18950,regular
1156,11,13,2024-11-11,131,130,20892,regular
1157,7,3,2024-11-15,129,138,18193,playoff
1158,16,19,2023-12-05,138,108,14364,playoff
1159,19,17,2024-03-27,97,92,16300,regular
1160,18,12,2024-07-03,100,108,13363,playoff
1161,1,3,2023-12-27,121,123,21115,playoff
1162,18,1,2023-10-03,118,113,13941,playoff
1163,1,17,2024-11-13,134,131,19960,regular
1164,12,6,2025-01-21,87,115,13695,regular
1165,16,10,2024-05-19,88,103,15685,playoff
1166,18,19,2024-12-27,108,131,21782,playoff
1167,15,5,2024-11-26,126,103,13363,regular
1168,11,3,2023-10-01,90,87,12839,playoff
1169,2,4,2024-10-05,116,120,12460,regular
1170,1,12,2024-09-21,88,94,16735,playoff
1171,6,8,2024-03-28,130,128,12536,regular
1172,1,6,2024-10-08,124,115,21880,playoff
1173,9,15,2024-09-06,128,129,15769,playoff
1174,11,15,2024-06-17,132,104,14736,playoff
1175,5,13,2024-06-21,127,128,14715,regular
1176,10,3,2024-01-24,110,103,17721,regular
1177,15,10,2024-10-10,87,135,13522,regular
1178,8,15,2024-05-23,134,124,19276,playoff
1179,13,19,2025-01-01,134,135,18214,regular
1180,13,1,2024-08-23,138,118,17627,playoff
1181,3,15,2023-11-17,104,123,17950,playoff
1182,20,13,2023-12-20,118,117,16506,playoff
1183,19,2,2024-05-04,117,88,17528,playoff
1184,6,10,2024-09-29,132,87,19277,playoff
1185,9,11,2024-12-21,86,121,15425,regular
1186,9,12,2024-08-20,133,100,14381,playoff
1187,19,4,2024-01-01,91,92,12929,playoff
1188,3,18,2024-12-08,101,111,20383,playoff
1189,20,8,2023-12-18,137,95,15977,playoff
1190,19,14,2024-05-02,92,117,12857,playoff
1191,7,9,2025-03-28,129,139,12136,regular
1192,5,20,2024-12-02,127,139,16336,regular
1193,12,16,2023-10-09,127,93,17487,playoff
1194,10,18,2025-03-13,137,95,19934,regular
1195,20,5,2024-07-15,89,139,19708,playoff
1196,20,18,2024-08-08,102,113,18333,regular
1197,10,6,2025-01-09,122,100,13698,playoff
1198,18,9,2024-04-02,128,115,13320,playoff
1199,14,3,2025-02-23,114,96,17504,regular
1200,9,12,2024-04-03,136,94,18943,playoff
