history_id,employee_id,effective_date,old_salary,new_salary,change_reason
1,97,2017-08-18,189042.08,132565.94,Demotion
2,147,2024-12-29,179662.24,89622.79,Promotion
3,229,2021-06-09,183056.1,115793.93,Annual Review
4,43,2023-03-07,50939.51,150165.07,Hire
5,6,2024-01-07,58018.34,186819.19,Hire
6,247,2018-05-14,182347.44,97379.03,Demotion
7,177,2020-04-13,135973.73,80509.11,Hire
8,372,2016-08-24,129106.95,143062.07,Hire
9,133,2020-05-08,77229.18,145151.93,Promotion
10,46,2024-12-20,151512.51,85877.09,Hire
11,314,2020-11-30,85594.08,142321.13,Promotion
12,133,2018-03-04,136954.32,204280.17,Hire
13,173,2024-06-20,93805.92,176610.47,Annual Review
14,472,2020-04-27,106666.42,183760.15,Hire
15,463,2024-02-10,74417.19,187579.06,Market Adjustment
16,62,2016-10-02,151757.04,79482.56,Promotion
17,416,2023-07-07,166577.23,114061.15,Annual Review
18,200,2016-10-31,139554.06,139356.04,Promotion
19,95,2021-09-27,80413.43,89425.97,Demotion
20,49,2020-06-12,153477.9,178999.6,Hire
21,89,2021-06-24,87305.36,72839.92,Demotion
22,11,2019-12-10,115510.29,48188.44,Demotion
23,8,2015-06-07,106947.64,108171.57,Demotion
24,30,2023-04-05,78138.45,206405.06,Promotion
25,404,2021-10-20,98298.66,60324.92,Annual Review
26,355,2023-09-26,48343.83,176605.98,Promotion
27,56,2019-06-25,189210.03,66419.28,Promotion
28,129,2021-02-07,91476.03,198672.68,Hire
29,201,2022-08-22,138822.4,200419.93,Annual Review
30,310,2021-02-01,68525.64,128336.37,Demotion
31,421,2020-06-08,110860.59,171327.19,Hire
32,424,2019-08-07,128774.08,142904.49,Market Adjustment
33,209,2016-03-03,53090.49,120875.28,Demotion
34,45,2019-09-14,79418.43,173956.17,Promotion
35,359,2017-03-02,85811.71,145786.47,Market Adjustment
36,15,2023-05-13,50532.68,206620.33,Hire
37,234,2021-02-24,111250.81,92505.41,Demotion
38,280,2021-08-20,149055.64,152807.15,Promotion
39,170,2024-06-08,180094.66,124159.74,Hire
40,90,2024-02-01,61776.14,197179.64,Demotion
41,108,2019-06-01,132566.13,85868.79,Annual Review
42,144,2015-04-30,158289.29,145628.64,Market Adjustment
43,364,2015-02-04,75793.91,205868.08,Market Adjustment
44,320,2015-04-08,124076.47,47426.91,Hire
45,240,2019-11-22,145182.33,153004.71,Annual Review
46,426,2022-03-10,133671.2,99052.25,Annual Review
47,425,2021-04-01,138277.59,206898.95,Hire
48,467,2024-10-24,119744.79,103987.19,Hire
49,388,2016-11-01,65880.05,142441.55,Promotion
50,357,2020-04-01,81838.19,187091.73,Hire
51,390,2024-11-25,156606.64,153307.27,Demotion
52,204,2020-07-16,180619.27,118977.44,Hire
53,382,2025-01-28,115975.6,63309.68,Market Adjustment
54,424,2021-02-21,174808.56,169973.6,Promotion
55,304,2023-03-24,172379.33,130089.17,Demotion
56,310,2018-06-27,45165.31,46037.89,Demotion
57,9,2018-11-24,84124.94,60522.31,Demotion
58,214,2024-12-14,142591.76,180158.25,Hire
59,452,2016-05-16,69183.22,97561.48,Market Adjustment
60,391,2016-11-19,147488.32,158668.68,Demotion
61,366,2023-02-26,85542.68,201948.25,Demotion
62,141,2021-06-13,113420.8,197000.83,Annual Review
63,257,2017-09-03,105148.24,194688.02,Market Adjustment
64,334,2019-07-22,102905.27,201654.0,Hire
65,473,2020-08-02,148419.79,123725.37,Promotion
66,148,2021-12-29,92078.34,146681.79,Annual Review
67,463,2021-08-27,69280.97,204868.32,Demotion
68,381,2024-03-04,162458.34,190544.9,Demotion
69,455,2018-03-10,93457.78,80040.54,Market Adjustment
70,481,2015-12-04,73959.17,169113.31,Demotion
71,38,2021-04-01,135146.68,90833.22,Annual Review
72,439,2022-06-30,47594.96,87895.35,Promotion
73,482,2022-09-19,134237.31,190730.79,Demotion
74,417,2016-05-07,152147.62,71107.14,Market Adjustment
75,353,2015-09-11,103075.1,144882.87,Market Adjustment
76,70,2023-06-09,175048.38,129688.62,Annual Review
77,99,2021-05-26,77964.33,86757.0,Market Adjustment
78,23,2017-04-26,68484.27,113115.49,Promotion
79,434,2015-04-11,62214.84,147791.2,Demotion
80,84,2017-12-23,116981.25,183883.43,Annual Review
81,403,2017-10-25,123342.14,83581.7,Market Adjustment
82,452,2021-04-18,80375.52,69250.28,Promotion
83,20,2024-02-29,96887.45,133873.66,Promotion
84,358,2021-03-10,65782.41,107678.18,Annual Review
85,471,2019-05-06,180337.79,189853.71,Promotion
86,115,2023-04-24,143434.28,89018.56,Hire
87,57,2021-11-21,72826.42,69690.0,Annual Review
88,79,2016-09-17,64835.77,106942.76,Promotion
89,170,2017-11-13,58666.5,199587.5,Annual Review
90,421,2015-06-13,137419.91,195407.02,Annual Review
91,62,2015-05-26,57984.51,185740.19,Hire
92,232,2025-01-12,76777.97,102622.76,Demotion
93,236,2022-02-03,67738.77,71685.92,Annual Review
94,464,2015-09-08,103642.39,189348.64,Promotion
95,461,2024-09-07,182460.14,151758.67,Annual Review
96,246,2016-09-28,54034.55,77757.71,Hire
97,403,2024-10-05,52781.78,84601.48,Promotion
98,299,2016-02-13,42141.21,51745.62,Promotion
99,467,2016-04-28,104034.43,48627.14,Promotion
100,410,2022-06-04,120711.33,174101.8,Hire
101,439,2021-09-19,76101.63,160981.03,Promotion
102,65,2024-04-09,67180.25,81670.87,Annual Review
103,205,2019-11-18,106463.45,106618.57,Demotion
104,191,2024-02-29,167910.05,82422.34,Market Adjustment
105,119,2018-06-05,118014.79,134392.18,Hire
106,113,2015-01-08,83482.04,133309.12,Annual Review
107,372,2024-06-29,184467.26,180044.5,Annual Review
108,461,2017-05-10,146075.45,121366.83,Hire
109,333,2019-11-25,91580.93,177371.54,Promotion
110,299,2016-02-24,164972.12,104692.42,Annual Review
111,70,2024-06-09,126236.37,112121.91,Market Adjustment
112,190,2022-01-18,166955.05,131164.42,Hire
113,453,2016-08-28,180318.29,163614.9,Demotion
114,68,2021-07-22,189581.14,135610.58,Hire
115,290,2020-08-02,67774.17,110566.3,Promotion
116,389,2024-07-09,94523.09,72470.18,Market Adjustment
117,441,2016-03-06,128897.24,75681.08,Promotion
118,151,2025-03-28,162602.2,163582.54,Market Adjustment
119,449,2024-04-24,46723.27,128050.3,Market Adjustment
120,370,2022-11-28,135902.17,101399.03,Promotion
121,85,2019-11-22,97461.1,187389.54,Annual Review
122,355,2018-10-14,125935.18,197525.68,Promotion
123,106,2016-12-13,95691.23,188305.74,Demotion
124,277,2024-02-10,121078.69,110609.35,Promotion
125,369,2020-03-03,143228.62,78159.56,Demotion
126,158,2024-06-18,77307.86,60747.33,Annual Review
127,73,2016-06-09,187351.81,189601.27,Promotion
128,12,2023-06-25,138194.09,153442.5,Demotion
129,491,2015-01-24,86771.64,183919.99,Annual Review
130,9,2022-02-02,65441.48,116630.83,Market Adjustment
131,177,2021-10-16,95979.32,76419.71,Hire
132,155,2016-01-01,40170.21,132828.73,Hire
133,275,2015-05-15,180747.83,204923.13,Market Adjustment
134,414,2017-07-08,158218.27,202473.39,Hire
135,486,2019-10-12,53132.14,141153.28,Demotion
136,245,2022-10-12,148305.77,178382.58,Annual Review
137,183,2023-05-17,87131.42,202054.84,Promotion
138,219,2020-05-08,53586.22,109343.58,Promotion
139,356,2017-10-25,48366.24,113589.02,Promotion
140,150,2018-11-04,140355.9,140388.9,Promotion
141,241,2021-07-07,137386.66,128099.65,Promotion
142,286,2017-05-15,136134.48,188943.16,Demotion
143,238,2022-07-11,170572.03,57939.82,Hire
144,18,2024-06-04,65273.38,103997.31,Demotion
145,390,2020-03-11,156481.65,131827.31,Demotion
146,291,2022-04-06,101402.03,99282.75,Promotion
147,27,2021-12-04,102306.66,85087.56,Demotion
148,26,2019-07-20,150153.35,161824.38,Demotion
149,227,2017-07-01,45025.1,172912.08,Promotion
150,136,2019-01-11,151350.71,129263.59,Market Adjustment
151,336,2023-07-21,58952.74,172010.39,Annual Review
152,406,2023-06-15,166147.43,91007.01,Demotion
153,356,2018-03-18,126800.38,115791.77,Demotion
154,149,2016-03-23,175274.59,52073.14,Annual Review
155,288,2021-07-22,99004.48,176175.55,Demotion
156,414,2016-09-07,141605.99,77295.94,Annual Review
157,244,2020-05-30,108571.01,91328.0,Demotion
158,50,2023-06-12,135514.81,68319.12,Hire
159,394,2025-02-25,57811.68,140380.67,Promotion
160,229,2015-04-14,95628.75,85965.69,Demotion
161,323,2018-07-27,43954.9,132035.15,Demotion
162,433,2021-04-23,64804.94,115138.66,Demotion
163,211,2018-08-29,85337.0,141541.48,Annual Review
164,363,2024-12-25,181526.77,126325.64,Annual Review
165,205,2024-03-13,110766.58,162346.36,Market Adjustment
166,402,2015-04-07,138703.85,101738.83,Annual Review
167,34,2019-02-26,101557.25,163934.25,Market Adjustment
168,200,2022-10-20,126079.02,168556.22,Demotion
169,324,2017-09-15,180340.69,54767.39,Demotion
170,343,2022-05-09,89419.99,193821.88,Hire
171,370,2024-10-24,155047.2,144072.07,Annual Review
172,399,2024-07-10,69068.74,128318.45,Annual Review
173,272,2019-09-30,184868.56,153691.96,Hire
174,87,2015-10-11,83171.99,176031.49,Demotion
175,165,2024-02-24,78621.66,102463.45,Promotion
176,41,2022-12-03,167362.0,112736.22,Annual Review
177,77,2021-06-12,115719.55,100221.42,Market Adjustment
178,185,2025-01-12,172076.58,105209.68,Hire
179,397,2017-02-08,94270.41,156977.9,Annual Review
180,123,2020-05-25,61727.07,101720.59,Promotion
181,300,2016-07-05,50736.03,90673.15,Hire
182,26,2022-07-21,90752.39,135699.67,Market Adjustment
183,158,2020-06-18,69096.93,102022.27,Annual Review
184,243,2021-07-02,177066.15,192111.81,Market Adjustment
185,254,2024-08-11,187844.2,67601.06,Promotion
186,461,2016-09-02,78565.32,156235.68,Market Adjustment
187,179,2017-09-04,51088.61,88389.21,Annual Review
188,204,2017-12-11,184762.98,129072.95,Annual Review
189,416,2024-03-10,56912.08,60260.06,Market Adjustment
190,160,2017-10-22,149264.01,129599.34,Market Adjustment
191,465,2022-02-14,64025.21,101507.08,Demotion
192,31,2015-01-08,181060.27,146260.5,Hire
193,375,2023-06-17,178859.36,190288.77,Demotion
194,111,2020-02-04,174158.36,104106.38,Market Adjustment
195,192,2019-03-26,44895.49,100054.51,Market Adjustment
196,61,2017-12-20,149540.11,150217.64,Annual Review
197,44,2021-11-09,91409.75,133999.61,Annual Review
198,205,2016-03-10,73620.79,176002.73,Market Adjustment
199,168,2019-01-30,46750.56,164372.14,Hire
200,25,2017-04-13,64173.4,71917.08,Market Adjustment
201,360,2019-07-01,80682.8,53668.46,Demotion
202,431,2021-07-30,136879.09,91662.11,Market Adjustment
203,219,2024-09-21,98976.63,132598.03,Demotion
204,267,2022-11-22,56203.37,139813.33,Annual Review
205,357,2020-09-18,164244.12,141248.88,Market Adjustment
206,183,2016-04-09,140486.34,134899.78,Hire
207,332,2015-11-01,137376.46,187836.96,Hire
208,488,2016-01-31,129556.93,166281.62,Market Adjustment
209,160,2023-05-22,74366.95,52110.96,Promotion
210,36,2021-05-05,86012.83,174310.99,Market Adjustment
211,462,2021-04-23,51351.73,75903.35,Hire
212,198,2022-07-18,122774.43,105636.16,Annual Review
213,274,2019-10-11,82717.28,126275.8,Demotion
214,459,2022-07-13,41152.6,95639.78,Market Adjustment
215,115,2024-12-16,55077.31,173466.29,Annual Review
216,358,2019-08-19,169450.38,51982.53,Promotion
217,299,2016-11-03,83269.61,206879.42,Market Adjustment
218,292,2019-09-11,119378.17,89460.84,Demotion
219,427,2022-06-14,53690.3,124744.25,Promotion
220,414,2022-01-08,85531.5,170266.84,Hire
221,232,2023-11-11,118279.31,86901.57,Annual Review
222,130,2018-07-04,65473.37,134453.63,Annual Review
223,152,2015-05-17,49898.76,134726.72,Market Adjustment
224,321,2015-05-29,100709.46,81472.45,Demotion
225,253,2025-03-02,154964.58,179036.07,Market Adjustment
226,392,2015-06-15,117650.26,209501.18,Hire
227,468,2015-11-14,44276.63,96292.34,Annual Review
228,120,2015-12-31,176022.66,203084.01,Market Adjustment
229,54,2024-09-15,147101.4,157520.85,Annual Review
230,158,2016-07-08,145982.68,196717.76,Annual Review
231,74,2022-06-08,137211.02,122039.38,Demotion
232,77,2023-04-29,159739.8,54691.71,Hire
233,210,2016-03-14,168856.95,104784.6,Market Adjustment
234,297,2021-12-01,80164.14,61236.91,Demotion
235,399,2020-06-14,169458.27,173859.16,Demotion
236,31,2017-03-28,181959.33,78844.25,Promotion
237,307,2019-09-16,143484.09,136714.73,Demotion
238,230,2022-02-24,124469.14,136421.82,Annual Review
239,33,2017-09-23,67800.32,159959.93,Demotion
240,10,2021-09-28,48897.14,203722.56,Promotion
241,486,2019-03-23,129276.35,62901.78,Annual Review
242,401,2023-12-03,159858.87,158901.13,Annual Review
243,351,2018-09-06,40374.75,87524.39,Market Adjustment
244,358,2019-04-25,51997.4,158179.34,Market Adjustment
245,91,2016-01-16,110495.85,112481.36,Market Adjustment
246,22,2018-04-14,137691.54,68619.62,Demotion
247,260,2019-09-07,73592.93,209390.79,Market Adjustment
248,414,2024-03-23,177593.6,55055.0,Demotion
249,93,2016-06-14,66406.83,124197.87,Market Adjustment
250,333,2023-05-03,117555.81,68345.35,Market Adjustment
251,456,2017-08-26,53599.63,50694.53,Hire
252,209,2020-05-18,176464.25,68370.56,Promotion
253,191,2019-05-25,136825.14,86330.71,Hire
254,383,2020-05-09,101803.58,180519.01,Hire
255,109,2015-09-30,48761.87,53586.23,Promotion
256,500,2019-06-22,88812.68,60266.43,Annual Review
257,235,2015-01-28,171140.16,52688.46,Hire
258,470,2016-09-24,60361.32,186596.76,Demotion
259,176,2020-10-30,170887.61,133307.0,Demotion
260,403,2022-03-30,167422.39,90286.87,Hire
261,95,2019-01-27,51243.48,85770.52,Hire
262,240,2019-01-31,184095.16,106179.26,Promotion
263,487,2016-10-03,72403.33,85865.06,Demotion
264,155,2021-07-14,142033.38,147671.97,Market Adjustment
265,69,2018-01-07,174854.51,80040.11,Promotion
266,224,2020-02-27,90216.08,190540.06,Promotion
267,129,2022-08-12,41353.02,112457.42,Hire
268,409,2016-04-17,109988.85,70181.54,Market Adjustment
269,27,2016-10-22,82198.17,207468.76,Demotion
270,329,2019-09-14,160358.15,194356.24,Demotion
271,150,2021-03-24,182771.81,177148.93,Market Adjustment
272,38,2015-09-19,187996.53,155275.98,Market Adjustment
273,356,2019-04-14,135424.97,181835.85,Demotion
274,201,2015-02-16,56682.29,195198.82,Annual Review
275,383,2016-03-02,144212.53,153791.13,Demotion
276,62,2020-08-18,105643.6,194084.91,Annual Review
277,464,2020-12-25,133218.7,114721.08,Market Adjustment
278,238,2022-03-01,50400.83,186129.45,Annual Review
279,408,2025-02-01,151360.97,69554.16,Hire
280,101,2025-03-15,94014.95,154854.97,Market Adjustment
281,284,2019-04-18,125118.81,161213.11,Annual Review
282,419,2022-01-12,142509.83,160301.61,Market Adjustment
283,94,2022-07-28,120699.11,137461.32,Demotion
284,39,2022-05-15,86507.2,128705.54,Annual Review
285,121,2023-09-21,165660.15,130039.4,Hire
286,475,2024-10-03,186691.47,155066.96,Demotion
287,139,2018-04-27,52286.23,75765.08,Demotion
288,237,2020-08-26,50388.09,141488.58,Demotion
289,471,2019-06-01,140357.64,134407.43,Promotion
290,103,2020-05-19,116373.3,92353.67,Market Adjustment
291,100,2020-07-25,182210.84,187563.78,Hire
292,386,2017-11-12,107159.08,88175.91,Demotion
293,91,2015-04-29,93378.18,160177.81,Annual Review
294,33,2018-05-07,77634.05,83792.45,Annual Review
295,423,2018-10-19,184488.11,144628.64,Demotion
296,18,2020-08-29,88459.55,100142.57,Promotion
297,202,2020-12-26,135220.92,207280.35,Promotion
298,121,2022-01-09,74187.51,83069.43,Market Adjustment
299,491,2016-09-24,173021.25,208560.01,Promotion
300,345,2016-12-14,110412.7,170250.43,Demotion
301,174,2018-10-26,102742.94,155267.72,Hire
302,296,2022-10-22,132613.83,178874.28,Promotion
303,191,2021-06-12,165713.59,140200.88,Promotion
304,314,2016-03-31,124344.54,170705.01,Promotion
305,164,2019-01-31,90072.16,53470.78,Market Adjustment
306,50,2018-04-23,176133.66,104069.97,Demotion
307,431,2017-10-14,135190.2,131341.91,Market Adjustment
308,215,2018-08-23,101413.96,154720.94,Hire
309,16,2015-05-27,89007.94,137009.41,Demotion
310,241,2016-10-03,53905.89,119047.39,Annual Review
311,420,2025-03-26,94746.12,158896.65,Market Adjustment
312,393,2018-04-08,105459.58,95598.5,Hire
313,178,2022-06-25,42552.25,188050.14,Annual Review
314,341,2017-02-23,121425.41,179425.19,Promotion
315,473,2024-03-31,69868.76,111188.62,Demotion
316,100,2017-08-26,145797.54,186025.41,Demotion
317,258,2023-04-30,99416.68,126585.39,Promotion
318,137,2018-04-04,135477.32,120968.56,Demotion
319,160,2021-02-23,57178.78,190385.71,Hire
320,408,2015-05-13,159845.45,159378.4,Hire
321,22,2018-07-15,61322.07,191107.79,Annual Review
322,329,2024-08-13,157365.5,68705.81,Annual Review
323,69,2016-11-22,185592.89,152266.41,Annual Review
324,48,2020-07-18,77430.94,119243.9,Demotion
325,418,2016-04-22,167127.13,72461.56,Annual Review
326,32,2025-02-01,78476.47,149747.34,Demotion
327,445,2019-02-23,177853.97,87196.79,Annual Review
328,106,2021-03-12,168469.38,76580.61,Annual Review
329,452,2024-09-30,179290.72,81624.41,Market Adjustment
330,21,2022-12-03,129778.98,58579.58,Market Adjustment
331,54,2017-04-24,77040.27,189011.08,Promotion
332,190,2016-03-20,89717.36,104717.12,Demotion
333,491,2021-03-15,152888.83,129700.11,Promotion
334,285,2019-07-15,68434.91,97687.62,Market Adjustment
335,33,2017-11-19,51822.0,150651.93,Annual Review
336,78,2024-08-08,78246.02,208906.29,Market Adjustment
337,409,2016-06-20,75294.58,76410.9,Annual Review
338,412,2017-04-07,68164.25,183693.9,Annual Review
339,452,2019-04-23,93219.59,69225.47,Market Adjustment
340,269,2018-08-03,144504.17,125566.29,Promotion
341,467,2015-09-05,113362.75,138218.42,Demotion
342,232,2016-05-14,159816.95,111118.7,Demotion
343,391,2022-06-28,100959.95,187181.5,Promotion
344,342,2022-03-23,54092.01,85848.07,Hire
345,202,2018-03-31,154860.89,198026.63,Annual Review
346,164,2015-09-18,73498.5,153873.44,Hire
347,192,2015-04-30,162251.74,92558.35,Annual Review
348,212,2022-01-26,103865.2,136518.29,Hire
349,61,2022-09-14,182830.81,64545.07,Promotion
350,7,2019-12-16,63070.84,170069.24,Hire
351,435,2016-02-12,52577.84,61325.34,Demotion
352,285,2022-03-08,124963.98,188400.24,Demotion
353,104,2018-10-07,92539.51,179752.64,Hire
354,46,2022-12-06,60493.72,72806.38,Demotion
355,16,2018-11-12,45374.68,204621.34,Hire
356,478,2024-09-11,60979.0,112420.87,Annual Review
357,97,2016-01-15,133358.33,119433.76,Market Adjustment
358,166,2022-08-06,157888.98,145424.6,Annual Review
359,453,2025-03-02,154645.79,83570.22,Hire
360,65,2015-09-28,74883.67,121765.86,Hire
361,426,2020-10-09,54872.13,208946.65,Annual Review
362,51,2015-09-08,54013.02,153326.53,Hire
363,140,2021-04-15,174925.39,56646.65,Annual Review
364,15,2016-06-03,54310.26,125238.33,Annual Review
365,348,2019-06-13,48805.32,92546.44,Market Adjustment
366,79,2016-09-07,160595.92,98176.93,Demotion
367,36,2019-09-26,131301.5,199986.6,Market Adjustment
368,371,2017-05-22,115171.31,66869.75,Annual Review
369,341,2021-01-06,65201.27,56104.82,Annual Review
370,11,2016-12-18,112204.21,104901.37,Annual Review
371,411,2018-06-22,120456.69,136047.33,Demotion
372,179,2022-02-10,129267.35,168579.33,Demotion
373,42,2019-09-19,52480.02,156794.94,Annual Review
374,152,2021-12-27,137709.84,104489.15,Market Adjustment
375,478,2016-03-21,180198.28,79998.94,Hire
376,273,2020-10-09,121271.41,51714.82,Promotion
377,172,2018-05-22,47532.87,178040.11,Annual Review
378,312,2017-12-11,90475.81,48458.09,Promotion
379,6,2021-02-26,110950.17,103089.66,Hire
380,8,2018-11-09,185727.93,190253.46,Demotion
381,359,2019-04-25,121294.09,189780.59,Demotion
382,74,2021-06-01,159263.0,177437.59,Annual Review
383,151,2020-04-14,147598.68,203101.16,Demotion
384,314,2020-08-04,106420.1,189821.49,Hire
385,305,2018-09-17,164047.04,47215.57,Demotion
386,300,2022-03-23,68850.44,89073.23,Hire
387,3,2021-06-14,75480.61,111075.79,Promotion
388,48,2022-11-11,58156.7,184946.7,Market Adjustment
389,364,2023-02-05,72604.97,152253.68,Annual Review
390,262,2022-03-09,105177.61,163275.67,Market Adjustment
391,60,2018-08-26,87503.74,89804.03,Hire
392,91,2019-09-21,172421.44,179949.9,Hire
393,59,2018-04-18,91933.84,55681.01,Hire
394,290,2022-10-23,156980.85,81590.89,Annual Review
395,181,2016-12-03,100215.08,172203.25,Promotion
396,450,2016-08-28,112818.44,188081.75,Hire
397,224,2017-03-31,80604.44,59908.72,Annual Review
398,39,2024-01-14,152012.18,51665.99,Hire
399,80,2017-03-13,96140.16,160983.81,Market Adjustment
400,266,2022-01-10,189781.14,199099.44,Promotion
401,459,2018-01-22,91925.01,142953.69,Demotion
402,36,2022-01-29,177947.42,182246.5,Market Adjustment
403,210,2015-12-29,71900.51,194643.78,Demotion
404,421,2023-02-06,177874.71,179582.04,Hire
405,208,2016-07-02,58311.52,193181.67,Promotion
406,98,2024-07-09,133021.35,139003.36,Demotion
407,472,2015-08-04,47046.71,153513.71,Annual Review
408,244,2018-02-16,121510.37,182302.51,Promotion
409,68,2016-11-08,150087.76,111315.33,Demotion
410,202,2020-09-29,67541.87,104155.93,Promotion
411,272,2019-02-19,125415.6,75242.01,Annual Review
412,397,2019-09-26,170436.56,73235.97,Annual Review
413,222,2017-08-04,116140.28,124489.95,Hire
414,483,2015-01-15,79620.83,65862.4,Annual Review
415,158,2019-01-09,163276.8,197221.33,Annual Review
416,116,2022-09-10,188053.05,47252.33,Market Adjustment
417,346,2018-03-19,42566.22,168866.62,Promotion
418,426,2023-01-10,80823.84,100838.03,Hire
419,215,2023-05-08,49919.16,101407.41,Market Adjustment
420,40,2023-07-09,94280.64,52513.23,Demotion
421,75,2016-09-18,141292.24,208326.4,Annual Review
422,262,2018-06-22,172634.36,185344.96,Demotion
423,90,2022-07-17,66046.96,81292.22,Hire
424,496,2019-01-21,141446.96,199058.15,Market Adjustment
425,170,2019-08-05,58420.94,92283.22,Market Adjustment
426,269,2022-10-26,160296.89,205217.09,Hire
427,348,2018-11-19,105164.42,88249.59,Hire
428,183,2022-04-07,170230.82,119866.85,Annual Review
429,153,2024-09-11,77799.65,69388.99,Market Adjustment
430,77,2017-07-06,146845.65,114703.16,Annual Review
431,307,2015-11-08,79552.6,112829.85,Demotion
432,154,2017-10-01,122173.86,83263.1,Hire
433,19,2023-07-05,55381.43,72956.33,Promotion
434,475,2024-11-14,103936.3,141343.57,Hire
435,338,2023-11-07,91585.07,175368.68,Demotion
436,240,2016-02-07,189313.31,137235.52,Hire
437,442,2025-01-15,181224.52,103943.15,Promotion
438,39,2020-11-04,95485.2,197435.7,Annual Review
439,494,2017-10-07,168958.75,68686.78,Promotion
440,447,2019-01-12,152497.32,187248.68,Market Adjustment
441,205,2023-07-18,83230.08,88432.4,Promotion
442,48,2021-06-06,50631.88,173136.71,Annual Review
443,259,2017-10-09,158893.86,52226.38,Promotion
444,118,2022-03-26,73110.48,104248.7,Market Adjustment
445,19,2016-06-18,70179.13,186946.98,Demotion
446,284,2017-08-04,119408.51,94418.48,Hire
447,317,2017-12-16,182503.57,176397.24,Market Adjustment
448,253,2018-02-10,76971.77,112319.84,Annual Review
449,248,2015-11-13,74156.95,179099.77,Hire
450,363,2018-03-12,70179.83,126801.09,Hire
451,374,2020-11-14,75651.1,134455.34,Annual Review
452,165,2015-11-01,71982.67,141061.92,Annual Review
453,365,2024-08-31,170176.73,197567.2,Promotion
454,77,2024-12-01,41394.47,128672.25,Promotion
455,258,2020-06-18,97324.08,128584.95,Hire
456,358,2016-07-03,81297.23,115331.53,Annual Review
457,25,2021-05-17,77795.9,190367.12,Hire
458,274,2023-05-08,127481.94,119324.47,Annual Review
459,383,2022-11-19,75180.09,162941.86,Hire
460,256,2015-12-29,102340.44,159773.88,Demotion
461,278,2019-09-20,143445.04,89191.91,Market Adjustment
462,417,2024-07-07,87139.63,185226.67,Hire
463,143,2023-11-04,77630.25,128538.78,Annual Review
464,98,2015-05-13,173052.19,197777.33,Annual Review
465,4,2024-10-04,83162.76,117943.53,Annual Review
466,261,2020-11-14,107777.77,191780.26,Market Adjustment
467,482,2018-01-01,151734.66,189373.42,Demotion
468,202,2020-02-08,80176.5,55164.81,Demotion
469,262,2024-09-28,115054.33,148508.24,Demotion
470,486,2016-06-25,49071.26,169866.8,Annual Review
471,285,2024-09-15,91816.3,185454.73,Hire
472,286,2023-01-16,141758.77,179151.57,Hire
473,368,2017-05-14,169677.07,104858.93,Market Adjustment
474,463,2020-11-05,45052.95,189582.41,Promotion
475,67,2020-04-08,141374.47,51076.91,Market Adjustment
476,183,2024-11-07,57265.36,50303.42,Promotion
477,451,2020-04-22,108088.79,105902.63,Promotion
478,405,2019-11-06,143191.48,175257.85,Market Adjustment
479,80,2020-12-07,128140.51,49138.87,Market Adjustment
480,203,2015-05-31,85698.08,102168.82,Annual Review
481,103,2019-04-28,128936.19,78168.12,Annual Review
482,116,2022-04-21,140152.53,151180.22,Hire
483,437,2023-06-22,82595.05,54515.6,Hire
484,73,2022-07-19,64795.14,163444.53,Annual Review
485,467,2022-02-19,107125.24,102058.32,Market Adjustment
486,449,2024-08-18,57197.12,126584.63,Demotion
487,64,2018-06-05,148011.82,65972.68,Promotion
488,384,2015-08-05,178756.73,163831.41,Market Adjustment
489,487,2016-09-07,179876.25,166614.69,Promotion
490,89,2023-10-26,65226.96,90882.97,Market Adjustment
491,316,2021-11-14,100896.49,73714.58,Promotion
492,262,2017-02-14,114608.94,145469.32,Promotion
493,492,2022-08-15,135227.31,93834.72,Annual Review
494,98,2021-07-13,95569.6,50880.94,Demotion
495,341,2023-02-07,110156.12,165615.09,Demotion
496,344,2020-03-30,81451.73,192559.33,Demotion
497,177,2025-03-24,125186.91,183494.89,Market Adjustment
498,166,2023-09-08,187903.3,199777.31,Hire
499,12,2018-08-21,58159.2,70242.83,Market Adjustment
500,244,2022-08-22,92521.18,191283.75,Promotion
501,95,2015-04-14,136666.16,63774.76,Hire
502,29,2017-09-25,55354.72,183950.44,Hire
503,228,2016-11-23,104974.59,166643.17,Market Adjustment
504,374,2019-08-01,183833.36,110466.01,Promotion
505,167,2019-02-26,68648.84,92161.44,Hire
506,85,2023-11-26,161437.4,179906.08,Market Adjustment
507,189,2016-01-30,70213.16,100264.01,Demotion
508,302,2020-03-18,158369.15,98925.87,Demotion
509,105,2017-09-15,163816.28,85421.68,Market Adjustment
510,26,2021-03-05,100380.9,83954.25,Hire
511,104,2022-03-18,97208.14,121136.56,Demotion
512,254,2019-12-13,40629.5,168481.76,Demotion
513,195,2018-06-20,106071.23,163910.98,Market Adjustment
514,455,2025-03-03,177355.84,175171.52,Annual Review
515,103,2021-08-15,178437.4,166075.98,Promotion
516,496,2022-11-05,178605.53,203514.48,Market Adjustment
517,124,2018-01-06,108799.24,105054.47,Annual Review
518,44,2020-09-23,136838.51,159457.16,Hire
519,335,2017-08-18,56256.07,122289.27,Market Adjustment
520,304,2023-06-27,148340.14,53612.02,Demotion
521,249,2023-10-12,71503.95,121682.59,Annual Review
522,468,2019-09-17,48367.1,208166.93,Hire
523,201,2024-07-28,43033.85,51346.13,Annual Review
524,195,2023-02-01,151928.67,94824.57,Demotion
525,30,2018-11-09,53632.57,185798.9,Market Adjustment
526,493,2018-05-29,111741.07,165406.62,Demotion
527,166,2017-08-20,117341.34,197910.27,Demotion
528,407,2021-09-18,181801.69,113522.74,Hire
529,420,2016-05-08,132604.87,64736.91,Annual Review
530,349,2021-01-01,114311.65,68451.78,Annual Review
531,61,2020-03-05,127357.1,179476.65,Demotion
532,366,2022-06-05,86847.11,63862.07,Market Adjustment
533,137,2019-10-07,141993.3,95485.73,Promotion
534,299,2017-07-07,67268.26,142163.29,Promotion
535,297,2019-06-15,187521.89,75894.73,Demotion
536,312,2017-02-15,65078.15,124198.88,Annual Review
537,121,2017-01-15,61407.15,74642.43,Annual Review
538,223,2021-07-24,140161.22,57592.7,Hire
539,43,2017-12-23,91258.37,167095.61,Demotion
540,383,2019-12-14,186251.77,144829.55,Demotion
541,62,2020-02-03,83568.41,150496.29,Market Adjustment
542,437,2016-11-11,80327.91,66193.48,Market Adjustment
543,138,2016-06-23,64149.1,183285.26,Demotion
544,142,2023-10-07,80272.21,135725.32,Annual Review
545,190,2017-06-09,59893.96,159508.25,Demotion
546,337,2024-09-24,125941.14,192391.43,Demotion
547,316,2018-04-21,113026.07,104113.78,Hire
548,460,2016-01-12,62187.9,158030.68,Promotion
549,198,2015-04-09,66421.79,142829.62,Annual Review
550,52,2015-05-14,101997.03,182759.36,Demotion
551,290,2023-10-09,51573.38,185577.28,Market Adjustment
552,441,2022-01-20,170914.43,195735.08,Market Adjustment
553,56,2021-11-18,81149.94,185950.04,Demotion
554,256,2020-10-05,171967.24,174641.77,Promotion
555,189,2015-08-22,189241.01,55669.77,Demotion
556,339,2019-02-14,160741.85,178102.37,Promotion
557,150,2024-07-30,73435.96,102798.11,Demotion
558,349,2020-08-25,61756.57,172763.39,Market Adjustment
559,149,2023-01-13,62687.6,188335.26,Promotion
560,177,2015-01-03,147281.6,58707.74,Annual Review
561,478,2017-12-07,113533.68,127415.05,Promotion
562,38,2023-12-04,89886.74,54983.93,Promotion
563,281,2019-01-29,87076.25,161403.9,Hire
564,8,2018-01-09,138301.31,129154.93,Market Adjustment
565,55,2021-10-05,158455.24,113005.88,Hire
566,100,2020-09-21,165407.77,57140.69,Promotion
567,474,2021-08-31,173177.29,58085.64,Market Adjustment
568,165,2021-02-22,167832.02,129218.02,Market Adjustment
569,277,2020-10-12,159170.93,107284.45,Market Adjustment
570,16,2016-08-26,77942.53,108543.39,Hire
571,337,2018-07-23,77948.79,166641.63,Promotion
572,98,2017-12-23,172565.19,69252.14,Hire
573,419,2017-07-19,77282.63,70126.55,Demotion
574,173,2015-07-13,89889.13,91484.21,Annual Review
575,335,2022-05-28,141504.68,156673.46,Demotion
576,360,2023-10-24,112411.11,121529.23,Demotion
577,439,2016-10-30,143200.27,120628.71,Promotion
578,219,2015-02-07,47577.08,126823.56,Demotion
579,237,2017-09-06,85660.04,103990.36,Demotion
580,91,2021-11-23,89740.75,56989.74,Annual Review
581,207,2024-04-07,116765.21,113859.76,Annual Review
582,342,2023-12-06,92972.01,81865.23,Market Adjustment
583,375,2022-09-05,50493.68,203704.98,Market Adjustment
584,15,2019-04-16,113598.26,147310.57,Demotion
585,407,2015-05-05,167631.52,175261.62,Annual Review
586,330,2016-10-26,128988.2,96440.8,Market Adjustment
587,31,2024-01-08,151900.59,148942.07,Hire
588,301,2024-07-24,104486.57,92483.36,Annual Review
589,474,2025-03-23,138102.3,113643.07,Market Adjustment
590,272,2022-07-21,175641.6,130124.59,Demotion
591,485,2021-05-04,157690.12,141693.21,Annual Review
592,31,2019-10-31,95404.36,175901.89,Demotion
593,236,2022-01-03,59436.87,166342.87,Market Adjustment
594,78,2023-03-29,90387.91,96217.78,Annual Review
595,218,2023-02-20,158110.05,163959.97,Hire
596,298,2017-07-05,59512.37,168074.58,Market Adjustment
597,474,2017-10-25,94910.45,164291.53,Hire
598,468,2015-01-31,179993.68,120423.57,Promotion
599,207,2018-01-11,147407.3,78175.99,Market Adjustment
600,339,2021-01-02,76629.97,189781.92,Hire
601,305,2024-07-27,149906.47,125198.91,Market Adjustment
602,156,2024-12-04,167905.05,48243.13,Demotion
603,57,2019-09-14,79315.19,86960.92,Hire
604,440,2015-04-05,91970.34,84232.4,Market Adjustment
605,433,2021-07-30,125059.88,75133.42,Hire
606,423,2022-09-21,99040.55,144816.01,Market Adjustment
607,352,2015-07-08,162667.72,51135.57,Annual Review
608,148,2015-07-13,130526.57,55272.91,Annual Review
609,156,2022-07-25,170645.42,75894.35,Demotion
610,275,2021-01-30,121435.08,148956.49,Demotion
611,475,2018-04-25,135803.45,78719.18,Demotion
612,432,2024-04-29,44198.47,65215.3,Market Adjustment
613,290,2024-03-29,107581.09,81678.74,Demotion
614,42,2015-12-06,44519.81,167918.3,Demotion
615,145,2015-01-19,128845.41,168440.58,Promotion
616,418,2025-01-24,65574.41,150348.15,Annual Review
617,275,2017-03-18,175396.13,174507.57,Promotion
618,241,2021-08-18,170931.38,111855.58,Demotion
619,238,2017-08-16,184589.48,148144.62,Demotion
620,242,2021-05-02,122413.64,106525.59,Promotion
621,64,2023-08-21,143040.12,62039.37,Market Adjustment
622,71,2018-06-13,58886.61,68884.39,Market Adjustment
623,77,2022-07-07,162626.65,49906.21,Annual Review
624,85,2021-03-26,163133.5,146683.18,Annual Review
625,391,2018-10-08,151449.24,130035.11,Hire
626,475,2020-04-27,66031.28,129696.18,Market Adjustment
627,437,2017-03-06,150907.69,134448.53,Market Adjustment
628,151,2024-10-29,148380.84,164040.2,Demotion
629,489,2018-01-02,124245.39,53683.77,Demotion
630,335,2019-01-02,126414.32,204907.37,Demotion
631,201,2019-05-31,183194.77,208977.73,Demotion
632,166,2019-01-02,122003.26,76327.83,Hire
633,92,2022-01-06,153068.35,209192.28,Annual Review
634,291,2025-03-20,48951.39,182260.68,Annual Review
635,235,2015-06-13,115552.95,72401.45,Annual Review
636,134,2023-09-03,80199.97,162632.67,Promotion
637,111,2020-08-17,184423.49,153347.17,Promotion
638,321,2017-05-22,184096.7,165906.77,Market Adjustment
639,28,2021-01-25,155517.3,178414.49,Annual Review
640,182,2023-07-11,53951.4,52255.94,Annual Review
641,407,2018-03-31,189191.45,83361.83,Demotion
642,23,2023-01-02,90791.99,146353.2,Promotion
643,346,2019-06-12,70708.22,47942.22,Hire
644,11,2025-01-27,98217.07,106871.96,Demotion
645,277,2024-08-24,99288.03,103878.27,Promotion
646,383,2019-07-05,44222.31,175019.22,Promotion
647,131,2020-05-10,60014.13,195778.71,Market Adjustment
648,480,2022-12-13,83819.37,114957.98,Hire
649,12,2022-12-13,141406.97,67940.1,Annual Review
650,221,2024-09-02,182533.41,154829.87,Hire
651,288,2019-05-09,174066.45,113113.96,Annual Review
652,426,2017-02-16,131410.76,120486.43,Hire
653,90,2015-06-12,147014.51,139723.63,Annual Review
654,310,2021-04-17,86299.32,130028.73,Market Adjustment
655,108,2024-10-22,120006.58,110839.23,Hire
656,58,2016-06-24,77920.93,154826.5,Promotion
657,20,2023-05-12,81115.49,66004.87,Promotion
658,346,2016-01-21,62496.49,83143.68,Market Adjustment
659,49,2020-04-06,169520.05,82712.12,Demotion
660,124,2018-03-19,117231.16,91108.0,Annual Review
661,2,2016-06-19,147576.28,207359.38,Demotion
662,67,2022-05-17,173286.82,87839.5,Demotion
663,102,2019-08-03,111734.52,184627.12,Hire
664,375,2022-07-23,92605.37,136699.51,Promotion
665,281,2020-12-12,100848.91,177867.57,Promotion
666,84,2022-09-29,162339.72,196458.31,Annual Review
667,420,2016-06-09,121866.55,103710.35,Market Adjustment
668,401,2019-04-11,162419.36,185529.08,Promotion
669,170,2020-02-01,120814.33,94227.1,Market Adjustment
670,340,2019-10-15,128490.17,71399.3,Hire
671,461,2021-11-25,83581.02,105731.38,Market Adjustment
672,310,2015-11-23,123334.69,175060.82,Annual Review
673,448,2017-02-25,42360.49,157760.96,Annual Review
674,169,2016-11-04,112242.35,208244.82,Promotion
675,174,2016-09-04,93924.24,118622.81,Demotion
676,92,2019-08-25,151735.72,108938.48,Hire
677,65,2016-12-28,95270.53,99034.54,Market Adjustment
678,403,2023-11-04,89893.78,110657.91,Market Adjustment
679,4,2020-12-10,98335.48,49954.4,Promotion
680,127,2016-02-02,61215.85,171343.93,Demotion
681,261,2023-04-13,168343.71,141887.41,Annual Review
682,225,2023-10-30,57342.49,146465.53,Annual Review
683,48,2023-07-26,152767.05,167217.03,Promotion
684,449,2015-12-13,67957.08,191290.7,Demotion
685,356,2017-09-17,118717.49,187022.4,Demotion
686,369,2020-12-03,126710.72,67851.29,Hire
687,371,2024-09-22,129120.48,177269.22,Market Adjustment
688,57,2024-05-25,176079.77,132212.37,Annual Review
689,117,2015-07-13,66238.18,108737.54,Promotion
690,191,2020-11-27,179239.3,168513.76,Hire
691,500,2018-06-21,116699.26,161370.76,Demotion
692,14,2020-02-13,145201.14,153897.43,Market Adjustment
693,413,2015-04-11,44497.28,86225.95,Annual Review
694,94,2021-10-30,82294.02,189232.6,Promotion
695,74,2015-01-11,124547.92,135952.31,Promotion
696,341,2022-06-05,116415.07,80774.73,Hire
697,418,2019-09-06,133925.47,206969.17,Demotion
698,118,2021-10-05,79200.87,55707.41,Market Adjustment
699,257,2016-07-13,78072.86,118940.14,Hire
700,473,2018-05-03,142268.48,103714.51,Market Adjustment
701,286,2024-12-24,95514.69,48620.51,Annual Review
702,227,2023-12-11,58510.2,126715.57,Promotion
703,366,2016-04-26,52872.38,117466.08,Market Adjustment
704,151,2020-10-22,140578.89,166846.08,Hire
705,352,2022-04-21,91618.04,144853.69,Annual Review
706,363,2022-09-26,56530.61,91524.41,Annual Review
707,64,2024-11-05,182257.64,112856.4,Demotion
708,50,2018-09-26,54640.5,56749.84,Demotion
709,436,2020-09-24,151335.34,86398.17,Promotion
710,37,2024-07-02,101271.72,135645.37,Hire
711,440,2024-08-08,121016.74,113002.34,Hire
712,17,2024-08-03,184609.29,93147.31,Demotion
713,326,2024-02-21,184570.49,179917.06,Hire
714,368,2022-10-28,65367.49,83407.93,Market Adjustment
715,241,2019-09-08,75843.84,137424.55,Annual Review
716,461,2017-02-22,85091.52,69496.39,Hire
717,455,2016-09-21,123396.68,123451.31,Demotion
718,367,2022-07-08,147115.77,140686.25,Promotion
719,413,2020-06-25,142852.74,177518.13,Promotion
720,325,2019-12-01,44229.22,178659.07,Promotion
721,205,2022-09-08,123418.82,50039.86,Market Adjustment
722,50,2017-01-05,118861.43,178264.41,Market Adjustment
723,304,2021-08-04,140394.87,209926.77,Annual Review
724,119,2022-05-19,58511.2,138202.13,Promotion
725,159,2016-10-23,57224.29,184764.92,Annual Review
726,260,2019-05-10,141146.21,118318.34,Market Adjustment
727,175,2020-05-30,63617.9,90908.59,Market Adjustment
728,85,2018-01-16,100593.5,132236.63,Annual Review
729,473,2017-11-15,186416.48,122913.18,Hire
730,455,2021-02-26,63614.52,138871.79,Promotion
731,316,2018-09-24,165411.01,83220.38,Hire
732,182,2018-04-14,55522.3,76325.83,Market Adjustment
733,227,2020-10-08,163319.39,206651.1,Hire
734,459,2016-11-24,137215.55,121508.13,Annual Review
735,127,2020-05-11,157985.79,150146.87,Demotion
736,357,2017-10-17,58754.77,75264.49,Annual Review
737,413,2023-02-06,156420.2,80649.99,Market Adjustment
738,482,2023-05-14,135286.78,157706.04,Market Adjustment
739,199,2017-09-16,179535.39,107406.81,Demotion
740,108,2018-07-31,75381.77,195299.26,Promotion
741,158,2017-06-19,110576.86,180234.45,Annual Review
742,287,2022-05-05,57249.11,209946.3,Promotion
743,115,2021-02-25,159264.88,62363.22,Demotion
744,117,2021-06-11,116452.83,197374.23,Hire
745,202,2021-08-31,71999.17,150639.4,Market Adjustment
746,177,2018-01-02,174637.76,202534.97,Annual Review
747,245,2015-07-10,174415.64,45946.68,Hire
748,139,2024-03-23,56437.0,192640.12,Hire
749,122,2022-11-14,96765.62,104590.12,Hire
750,129,2016-03-03,122296.75,158287.17,Hire
751,175,2019-08-04,178847.57,118761.82,Annual Review
752,105,2024-12-13,60309.53,47244.6,Annual Review
753,277,2019-08-03,127694.46,66564.2,Demotion
754,270,2018-11-05,128591.66,142897.21,Demotion
755,40,2020-01-23,184642.79,162783.13,Promotion
756,119,2024-12-15,103028.78,146679.2,Promotion
757,203,2022-07-11,90818.35,153729.65,Market Adjustment
758,114,2016-01-21,118387.35,163240.63,Hire
759,206,2016-07-10,114443.49,52396.42,Annual Review
760,446,2015-12-03,138612.49,126078.32,Demotion
761,327,2018-10-04,51583.13,193730.08,Demotion
762,40,2021-01-29,169384.53,54455.55,Market Adjustment
763,210,2022-03-19,46655.24,187090.22,Demotion
764,185,2018-10-21,186870.39,173647.91,Annual Review
765,222,2015-08-01,108580.58,162860.17,Demotion
766,202,2016-11-16,65121.51,140140.46,Hire
767,362,2021-11-29,130585.82,77193.46,Hire
768,414,2019-11-18,174208.15,75896.53,Promotion
769,459,2021-02-13,127008.11,89791.97,Market Adjustment
770,273,2020-06-09,46506.34,170086.56,Market Adjustment
771,380,2017-06-25,107912.02,204893.46,Market Adjustment
772,90,2020-06-14,103542.09,141856.63,Demotion
773,107,2020-09-13,47188.06,113540.6,Promotion
774,221,2015-07-28,87919.63,126960.87,Market Adjustment
775,266,2019-08-04,179106.49,148108.25,Hire
776,2,2024-07-15,97476.92,194191.11,Annual Review
777,499,2015-02-20,137565.08,110562.79,Market Adjustment
778,383,2018-06-27,149898.92,186346.58,Hire
779,89,2017-12-26,124681.92,64215.29,Market Adjustment
780,102,2018-11-25,69453.51,141668.94,Annual Review
781,234,2023-06-25,118635.08,191663.75,Annual Review
782,467,2023-02-10,47505.61,175604.98,Annual Review
783,122,2024-01-23,172163.39,146052.11,Promotion
784,125,2019-08-26,52971.84,129682.55,Promotion
785,172,2021-10-26,161841.93,202176.92,Demotion
786,174,2022-01-16,127519.22,133299.76,Hire
787,143,2022-03-05,157178.31,183106.68,Promotion
788,211,2018-02-07,80298.64,106763.38,Promotion
789,265,2024-10-26,125918.38,89530.55,Demotion
790,496,2015-09-19,140942.1,107526.77,Demotion
791,211,2015-02-19,64077.61,48592.01,Promotion
792,408,2022-06-16,53441.04,101624.42,Promotion
793,134,2021-10-02,53735.46,76193.68,Market Adjustment
794,405,2023-04-17,188896.33,203534.93,Demotion
795,114,2023-08-19,185463.08,83643.4,Demotion
796,291,2018-07-30,189534.98,111140.02,Demotion
797,283,2015-05-12,40043.33,202242.4,Annual Review
798,35,2021-09-22,49677.03,202615.06,Hire
799,63,2017-01-13,114524.44,62047.91,Demotion
800,452,2023-10-19,85049.24,139453.9,Annual Review
801,194,2015-01-26,182790.31,195544.92,Market Adjustment
802,286,2023-10-08,134660.61,80726.47,Demotion
803,38,2021-09-23,140932.1,106914.46,Market Adjustment
804,4,2020-11-06,97274.5,127045.46,Annual Review
805,145,2016-05-26,49073.97,157598.66,Market Adjustment
806,346,2022-07-03,143644.93,62827.23,Annual Review
807,319,2023-02-05,40774.45,114218.67,Hire
808,254,2020-12-07,116657.98,95612.16,Market Adjustment
809,419,2017-06-11,68281.65,172540.28,Hire
810,190,2015-02-25,80867.02,144425.2,Promotion
811,217,2015-11-13,154930.13,83412.16,Promotion
812,290,2015-10-31,89379.43,198330.33,Promotion
813,446,2017-01-30,139836.86,171564.1,Market Adjustment
814,493,2018-11-26,43501.02,147323.72,Promotion
815,336,2021-08-15,103701.18,95667.59,Promotion
816,380,2022-06-25,68172.03,180608.34,Demotion
817,461,2018-09-08,185079.5,163647.51,Hire
818,83,2019-08-15,128573.83,98304.48,Demotion
819,346,2017-05-27,90731.06,115699.72,Promotion
820,434,2021-01-05,63764.55,193579.06,Hire
821,480,2019-07-21,100829.55,99849.64,Annual Review
822,244,2019-01-22,125217.42,133859.32,Demotion
823,391,2017-05-02,126848.16,102664.33,Annual Review
824,208,2015-07-14,137237.48,131131.46,Promotion
825,442,2017-10-22,144293.03,160232.04,Demotion
826,366,2018-03-15,120285.0,57927.4,Demotion
827,8,2022-12-19,144989.81,112060.95,Annual Review
828,56,2017-03-24,129065.46,206592.67,Annual Review
829,39,2018-05-22,41234.55,96244.78,Hire
830,17,2022-10-12,105280.38,54248.45,Demotion
831,58,2017-01-05,154059.37,157257.6,Annual Review
832,164,2022-07-24,178274.5,45526.58,Annual Review
833,257,2016-12-31,178032.44,132207.68,Promotion
834,73,2017-05-12,129062.21,156696.6,Market Adjustment
835,158,2020-06-09,140157.58,89072.24,Market Adjustment
836,201,2018-04-08,109247.84,54279.56,Market Adjustment
837,13,2015-06-23,171273.49,196202.23,Annual Review
838,263,2019-07-22,91486.17,203225.19,Annual Review
839,250,2017-10-05,70350.61,173994.7,Promotion
840,33,2015-11-03,122528.66,49463.04,Promotion
841,114,2018-06-21,45020.44,57156.23,Market Adjustment
842,130,2021-12-09,54247.24,201582.37,Demotion
843,413,2016-09-28,182534.4,170280.62,Hire
844,249,2023-06-22,47014.57,91067.69,Market Adjustment
845,244,2016-03-17,54261.63,120657.14,Market Adjustment
846,377,2022-04-15,73630.12,170591.1,Demotion
847,436,2021-09-04,75998.71,141659.38,Market Adjustment
848,101,2019-07-02,50116.59,85619.99,Annual Review
849,17,2018-10-23,70576.31,82186.49,Annual Review
850,421,2016-06-29,56241.59,158409.19,Annual Review
851,169,2016-01-13,57539.38,159273.74,Annual Review
852,89,2020-02-23,175318.3,100040.72,Market Adjustment
853,489,2016-01-22,45152.12,188772.05,Market Adjustment
854,106,2022-05-18,54803.93,174632.22,Promotion
855,8,2020-12-05,97555.23,88626.53,Market Adjustment
856,296,2018-12-16,103522.78,124443.3,Hire
857,483,2020-07-04,95999.5,68933.13,Annual Review
858,128,2024-08-11,151976.5,133880.26,Market Adjustment
859,254,2019-02-05,60077.08,157498.72,Promotion
860,297,2017-07-13,49212.05,178851.23,Market Adjustment
861,163,2018-08-25,55588.52,85796.4,Market Adjustment
862,359,2021-09-15,53201.42,176460.68,Annual Review
863,278,2018-06-14,127383.42,112258.96,Hire
864,494,2023-04-03,166736.02,152353.82,Market Adjustment
865,369,2023-08-14,138525.94,167842.3,Hire
866,11,2018-09-23,106422.45,142076.18,Hire
867,107,2023-07-12,117546.26,160334.08,Demotion
868,135,2017-09-14,161402.17,182420.84,Promotion
869,468,2017-09-29,134352.81,166812.28,Promotion
870,425,2019-10-17,56262.78,176010.63,Promotion
871,497,2018-08-12,46928.11,104425.9,Promotion
872,257,2021-05-31,83095.53,63197.64,Market Adjustment
873,353,2015-12-14,97300.03,163287.48,Promotion
874,126,2020-02-16,142950.11,74183.74,Demotion
875,323,2021-07-01,148518.05,121771.97,Market Adjustment
876,21,2024-12-12,57187.01,63116.38,Annual Review
877,291,2021-08-16,91531.21,180778.49,Annual Review
878,291,2022-07-21,96463.16,84104.7,Market Adjustment
879,34,2015-03-16,94878.51,127067.64,Annual Review
880,157,2016-05-12,184961.67,187500.66,Market Adjustment
881,491,2022-08-17,121134.67,187327.85,Demotion
882,35,2020-09-12,122119.24,101352.35,Promotion
883,74,2016-02-27,65498.49,163904.14,Market Adjustment
884,63,2023-01-23,164476.83,201608.74,Market Adjustment
885,54,2021-11-27,122128.51,78808.18,Demotion
886,487,2024-08-04,122396.74,60670.81,Demotion
887,68,2020-04-27,152113.35,83350.55,Market Adjustment
888,489,2016-08-08,140337.33,125146.99,Hire
889,295,2019-05-03,105695.45,106104.97,Promotion
890,287,2016-01-16,78042.11,123566.94,Hire
891,198,2019-04-20,53062.17,178557.15,Demotion
892,92,2017-06-10,51057.35,109497.61,Hire
893,88,2020-05-23,74726.04,190433.16,Annual Review
894,418,2015-05-30,159842.49,100332.43,Promotion
895,178,2022-10-06,159113.51,158899.3,Promotion
896,499,2020-11-29,86084.5,94551.33,Demotion
897,82,2015-09-16,73433.11,86156.79,Market Adjustment
898,316,2017-09-26,112045.42,52360.55,Demotion
899,225,2023-07-29,83025.51,204272.47,Demotion
900,249,2018-10-16,177797.08,150867.75,Annual Review
901,455,2021-10-13,155669.11,172782.5,Promotion
902,63,2019-01-06,49104.18,155669.3,Annual Review
903,279,2022-11-26,169862.49,158510.97,Annual Review
904,314,2024-08-19,140435.64,52350.48,Promotion
905,295,2021-11-07,81104.54,88254.52,Annual Review
906,62,2024-04-11,99875.81,137408.11,Market Adjustment
907,461,2021-11-15,60055.85,90320.42,Market Adjustment
908,169,2019-12-08,95935.16,154546.71,Demotion
909,411,2022-06-23,111268.25,173845.71,Hire
910,255,2015-06-23,82676.88,147930.24,Promotion
911,497,2017-09-01,53079.76,209782.87,Demotion
912,22,2020-07-15,138587.43,145444.7,Promotion
913,440,2020-07-04,161794.84,95545.09,Market Adjustment
914,401,2017-01-28,118615.91,48761.45,Demotion
915,358,2020-09-14,139801.58,138760.09,Annual Review
916,191,2016-03-19,140534.18,46533.97,Annual Review
917,155,2022-07-11,111643.85,84257.66,Market Adjustment
918,193,2019-02-11,135038.66,70336.42,Demotion
919,362,2021-03-23,92050.98,192225.31,Annual Review
920,347,2019-10-16,120853.11,194084.76,Market Adjustment
921,406,2018-10-15,79545.79,158175.54,Annual Review
922,190,2018-04-05,59753.53,170643.09,Demotion
923,42,2021-04-29,58015.97,198717.97,Annual Review
924,380,2016-10-11,129930.73,134692.77,Market Adjustment
925,394,2022-01-17,110836.42,48968.54,Market Adjustment
926,105,2016-10-18,78120.85,104590.97,Annual Review
927,456,2017-03-28,164101.67,139302.16,Hire
928,495,2022-01-12,153669.01,201373.07,Promotion
929,272,2016-10-09,62647.78,64948.33,Demotion
930,143,2023-02-10,66955.09,94648.51,Market Adjustment
931,210,2025-02-03,184752.61,152826.19,Market Adjustment
932,229,2022-03-05,71588.92,185238.44,Market Adjustment
933,359,2023-12-15,148927.19,122639.74,Hire
934,136,2020-05-16,153969.17,169264.64,Market Adjustment
935,78,2016-08-08,115929.09,136280.61,Annual Review
936,381,2019-05-28,153829.39,85883.42,Annual Review
937,63,2022-12-28,123937.39,52102.06,Hire
938,14,2021-07-21,138834.93,195594.34,Hire
939,462,2023-06-29,156254.14,162242.98,Demotion
940,288,2020-01-07,81401.33,193446.12,Demotion
941,330,2021-04-09,128564.56,92065.93,Hire
942,25,2024-08-13,141491.61,202086.54,Annual Review
943,486,2021-08-15,86334.9,174749.9,Promotion
944,371,2016-07-10,61174.05,158403.23,Hire
945,466,2021-08-02,51674.79,186479.84,Hire
946,207,2020-01-29,169401.41,125878.87,Market Adjustment
947,205,2021-06-01,142993.46,206489.31,Annual Review
948,105,2017-03-12,166584.69,156013.5,Annual Review
949,374,2019-10-04,51335.57,121800.44,Annual Review
950,125,2019-07-30,63604.91,70295.7,Annual Review
951,302,2022-07-24,82767.08,56900.97,Market Adjustment
952,324,2018-04-04,105300.53,159220.07,Demotion
953,33,2015-03-22,108780.1,158353.37,Hire
954,39,2017-05-21,133936.47,96172.07,Annual Review
955,322,2024-03-20,157192.81,175968.17,Market Adjustment
956,282,2024-09-03,105282.69,188120.89,Demotion
957,359,2017-05-16,51461.96,184952.91,Annual Review
958,230,2019-05-08,128253.77,55131.11,Promotion
959,275,2018-08-28,74693.45,76493.25,Promotion
960,493,2024-01-19,135051.06,81122.02,Hire
961,28,2019-04-15,101801.74,209774.87,Market Adjustment
962,462,2019-02-07,43801.71,93126.87,Promotion
963,151,2019-06-06,92844.82,155781.26,Market Adjustment
964,341,2024-09-13,88749.28,150753.88,Hire
965,352,2020-12-30,81640.22,49086.95,Hire
966,17,2022-06-07,53115.86,95396.51,Annual Review
967,49,2015-05-28,187643.19,166982.82,Annual Review
968,94,2023-05-26,124542.97,90969.48,Market Adjustment
969,437,2022-07-11,69921.83,46460.07,Market Adjustment
970,499,2022-09-08,98486.24,100123.08,Market Adjustment
971,356,2021-02-15,161784.6,121752.8,Market Adjustment
972,124,2017-05-30,137598.23,170375.17,Market Adjustment
973,345,2020-07-09,146698.62,74976.6,Market Adjustment
974,31,2021-09-07,75877.57,204904.74,Promotion
975,332,2017-09-27,64277.0,201122.13,Annual Review
976,160,2023-08-08,177250.77,60608.39,Market Adjustment
977,487,2018-01-17,85457.58,155019.07,Market Adjustment
978,82,2023-04-18,98049.1,111915.83,Hire
979,186,2015-04-26,86307.12,99073.93,Demotion
980,420,2018-04-08,176159.01,165427.25,Annual Review
981,149,2024-06-09,91329.32,92709.87,Annual Review
982,281,2020-07-29,53608.62,153068.34,Promotion
983,355,2023-08-16,149271.33,100342.2,Hire
984,211,2022-05-06,125670.89,150266.23,Hire
985,339,2024-12-13,176661.68,134139.5,Annual Review
986,470,2023-01-14,178548.09,137188.88,Annual Review
987,462,2016-07-07,79669.58,160110.37,Demotion
988,287,2021-06-28,92507.15,160597.64,Annual Review
989,286,2015-02-18,188310.94,91524.56,Annual Review
990,339,2018-02-04,96781.28,112349.55,Promotion
991,80,2022-11-29,177142.06,137999.92,Annual Review
992,209,2017-06-23,119275.42,177351.69,Market Adjustment
993,236,2020-06-12,144744.78,145546.56,Demotion
994,203,2023-07-25,72600.62,185957.62,Annual Review
995,285,2017-07-10,43513.16,190998.58,Hire
996,467,2020-03-18,75730.33,124602.99,Promotion
997,425,2024-09-27,184281.18,114842.0,Market Adjustment
998,165,2021-05-24,168283.42,169126.66,Market Adjustment
999,436,2022-07-21,76637.95,146316.55,Hire
1000,80,2024-03-02,139110.93,196728.99,Hire
1001,3,2017-04-18,52042.86,52714.44,Hire
1002,221,2024-10-28,123632.07,87371.5,Hire
1003,75,2022-12-22,138053.76,80249.88,Demotion
1004,171,2022-02-28,87976.1,98535.1,Market Adjustment
1005,375,2023-06-20,72092.68,177712.87,Promotion
1006,39,2021-03-21,162585.23,114566.86,Annual Review
1007,56,2021-04-19,51357.12,103931.83,Market Adjustment
1008,365,2018-05-21,63840.01,139842.43,Promotion
1009,419,2018-10-27,104718.11,157534.18,Annual Review
1010,284,2016-10-22,162472.41,63238.53,Hire
1011,405,2019-04-09,72658.05,121357.81,Hire
1012,32,2015-08-31,131364.27,132550.59,Demotion
1013,3,2015-08-05,162054.35,129894.73,Demotion
1014,106,2018-08-19,49450.07,62127.2,Annual Review
1015,409,2023-01-12,135509.39,128408.44,Hire
1016,53,2022-03-12,165893.73,138164.01,Demotion
1017,485,2018-07-15,178056.48,60412.98,Demotion
1018,174,2020-02-15,152726.25,124467.78,Annual Review
1019,10,2022-05-29,72286.24,193188.51,Annual Review
1020,343,2016-05-31,153110.42,106813.59,Annual Review
1021,335,2016-12-10,67138.5,87805.93,Hire
1022,488,2022-04-17,133416.37,77945.85,Annual Review
1023,280,2024-06-02,131375.66,91643.42,Hire
1024,393,2020-03-01,47095.89,157386.11,Hire
1025,429,2016-05-27,122609.42,89439.95,Market Adjustment
1026,389,2017-07-10,132343.96,97810.15,Market Adjustment
1027,212,2020-05-23,79254.46,178701.28,Hire
1028,493,2022-05-19,67050.07,201472.51,Hire
1029,433,2018-08-17,147376.83,156099.71,Hire
1030,422,2021-12-25,123839.4,67606.74,Annual Review
1031,41,2015-04-25,169696.13,163909.62,Market Adjustment
1032,341,2018-08-15,126608.3,172624.02,Promotion
1033,10,2019-08-08,160961.88,77496.78,Demotion
1034,161,2019-01-31,168743.62,133317.21,Demotion
1035,433,2023-06-22,95100.14,136611.09,Promotion
1036,122,2015-10-31,133178.5,126456.66,Demotion
1037,43,2015-05-25,98750.89,161779.77,Promotion
1038,478,2016-01-15,170573.55,140203.16,Annual Review
1039,495,2015-10-27,57589.13,157296.7,Market Adjustment
1040,382,2017-04-18,66350.34,191160.66,Market Adjustment
1041,139,2016-04-03,103226.98,143307.31,Annual Review
1042,401,2018-06-30,77050.8,50399.85,Market Adjustment
1043,103,2016-06-27,67158.45,120937.87,Hire
1044,362,2023-07-08,128256.73,67393.51,Promotion
1045,1,2022-07-28,90012.55,51098.96,Hire
1046,481,2020-06-14,158168.28,68571.78,Promotion
1047,391,2024-04-25,91002.96,167692.77,Annual Review
1048,70,2024-03-06,102669.38,203397.43,Promotion
1049,54,2017-04-02,48851.85,109802.05,Promotion
1050,158,2023-04-05,78223.27,154588.1,Promotion
1051,27,2021-07-24,70865.18,64361.13,Promotion
1052,197,2020-10-11,175633.2,178011.13,Promotion
1053,372,2021-07-05,166937.12,179532.64,Promotion
1054,313,2023-11-08,118884.93,81562.0,Hire
1055,322,2018-05-12,177820.46,147837.96,Promotion
1056,440,2015-04-06,154511.13,111239.13,Annual Review
1057,320,2015-10-19,45258.63,142892.73,Promotion
1058,242,2020-09-17,91588.34,158926.34,Market Adjustment
1059,210,2015-01-23,82075.44,193496.33,Promotion
1060,259,2019-07-06,59133.83,58956.42,Annual Review
1061,129,2019-07-20,77734.35,184860.43,Annual Review
1062,76,2020-12-04,115037.19,99078.23,Promotion
1063,112,2023-09-24,94231.61,172544.79,Hire
1064,120,2022-06-05,53658.36,157156.93,Demotion
1065,416,2016-05-21,49058.3,59554.6,Hire
1066,302,2024-05-10,62161.53,190627.09,Demotion
1067,499,2018-01-30,89446.16,163627.43,Demotion
1068,291,2018-12-26,132783.79,99136.37,Annual Review
1069,57,2021-07-25,104342.52,196723.67,Promotion
1070,213,2021-09-27,96210.26,112109.48,Demotion
1071,471,2018-11-08,68404.51,200599.79,Promotion
1072,118,2022-12-12,96819.37,95410.56,Hire
1073,449,2023-03-21,179225.29,168082.38,Market Adjustment
1074,56,2021-08-09,117123.28,199049.17,Market Adjustment
1075,469,2021-02-09,155904.57,183534.12,Annual Review
1076,314,2019-10-27,106908.42,164918.18,Annual Review
1077,243,2020-10-08,157555.19,194796.89,Promotion
1078,400,2019-05-06,91869.74,85288.31,Hire
1079,375,2016-05-12,131048.44,133428.45,Annual Review
1080,191,2021-01-03,82624.67,202070.85,Market Adjustment
1081,288,2018-10-31,169703.32,74153.91,Promotion
1082,158,2017-07-25,186622.47,47977.97,Demotion
1083,142,2017-12-08,157222.99,173423.28,Market Adjustment
1084,169,2021-07-10,127657.4,195565.68,Annual Review
1085,95,2023-04-16,49996.13,72887.43,Hire
1086,455,2022-04-10,115837.27,165145.42,Annual Review
1087,469,2017-05-27,115582.58,192368.54,Demotion
1088,78,2023-09-15,59519.42,168650.42,Market Adjustment
1089,277,2023-07-17,138250.18,141416.04,Market Adjustment
1090,429,2018-09-11,100492.85,142373.88,Annual Review
1091,170,2020-11-10,51576.0,189687.65,Annual Review
1092,454,2019-11-03,132694.99,86318.78,Hire
1093,144,2019-06-15,108523.57,113167.22,Promotion
1094,129,2022-11-08,58970.56,71274.74,Market Adjustment
1095,382,2015-08-22,87090.86,180809.99,Annual Review
1096,264,2025-02-15,171817.83,92668.81,Market Adjustment
1097,282,2024-08-03,91468.47,70939.77,Promotion
1098,410,2015-02-25,64208.98,171442.21,Hire
1099,248,2017-12-01,56623.08,147332.72,Demotion
1100,212,2015-12-16,167608.4,157537.82,Hire
1101,294,2015-10-01,121274.79,202077.69,Promotion
1102,64,2020-09-07,68656.76,89598.54,Demotion
1103,84,2016-10-08,148507.37,53843.3,Demotion
1104,250,2022-05-31,153139.02,116361.01,Hire
1105,406,2021-04-26,175558.81,129182.77,Promotion
1106,221,2019-02-13,93262.69,193364.7,Annual Review
1107,320,2021-05-13,101528.26,131551.16,Annual Review
1108,275,2022-01-06,166891.55,115643.76,Demotion
1109,9,2022-02-10,160943.56,129698.46,Demotion
1110,274,2018-07-04,127898.39,168772.93,Promotion
1111,179,2021-11-07,122760.87,96822.47,Demotion
1112,36,2019-05-26,169988.12,101326.29,Annual Review
1113,229,2017-11-08,143075.41,202848.76,Hire
1114,336,2018-11-29,142768.56,185445.06,Hire
1115,101,2024-10-11,185154.54,55014.67,Annual Review
1116,37,2019-01-23,174322.18,95759.25,Demotion
1117,236,2018-08-11,162526.91,55966.49,Hire
1118,347,2018-01-20,48790.47,168138.09,Market Adjustment
1119,162,2022-09-08,99019.97,102668.21,Hire
1120,134,2022-02-09,170051.04,196246.17,Promotion
1121,26,2024-02-11,180110.53,169359.15,Demotion
1122,446,2021-06-19,59212.38,148903.83,Market Adjustment
1123,277,2022-08-01,94052.53,205352.73,Demotion
1124,370,2023-02-02,159631.65,157541.04,Market Adjustment
1125,113,2019-05-07,115608.21,140310.38,Market Adjustment
1126,346,2019-06-15,131043.86,205052.27,Hire
1127,268,2019-10-10,89131.84,79461.59,Hire
1128,359,2019-08-12,63241.23,167264.06,Demotion
1129,151,2019-01-30,89655.35,105498.06,Annual Review
1130,408,2018-08-12,159940.31,186057.33,Demotion
1131,15,2023-12-16,173247.68,82926.91,Demotion
1132,442,2024-03-08,126728.16,156722.83,Demotion
1133,324,2024-03-15,183554.83,85822.51,Annual Review
1134,390,2020-01-11,136098.59,123471.15,Annual Review
1135,373,2017-07-26,40405.19,185503.4,Hire
1136,266,2021-09-18,75035.75,151746.39,Demotion
1137,75,2015-10-17,185792.38,137231.24,Demotion
1138,213,2021-08-05,138882.5,151870.16,Market Adjustment
1139,248,2024-09-15,78186.32,51788.3,Hire
1140,250,2023-02-08,95897.96,195915.09,Market Adjustment
1141,52,2017-04-19,138283.19,173878.15,Annual Review
1142,370,2019-08-23,169263.38,118438.49,Hire
1143,169,2023-09-15,50269.78,125568.79,Market Adjustment
1144,341,2017-07-15,49052.38,139859.21,Annual Review
1145,481,2018-05-02,117337.43,162283.0,Promotion
1146,180,2019-08-22,66460.78,209214.63,Market Adjustment
1147,70,2015-11-23,93533.59,110536.6,Hire
1148,440,2015-10-05,150840.71,188293.7,Annual Review
1149,173,2023-03-09,75760.21,107709.28,Demotion
1150,499,2023-07-31,91697.6,195750.16,Market Adjustment
1151,436,2020-04-16,90246.26,135660.32,Promotion
1152,168,2021-11-02,157697.62,102844.51,Demotion
1153,360,2015-02-25,163324.56,201112.91,Market Adjustment
1154,304,2022-02-09,100270.73,168750.82,Market Adjustment
1155,63,2021-07-30,119769.34,178408.99,Hire
1156,355,2018-01-06,74784.81,166739.17,Hire
1157,242,2021-01-08,80083.04,207354.4,Hire
1158,243,2021-10-13,163988.65,200850.89,Hire
1159,286,2022-12-03,125681.21,202959.34,Annual Review
1160,406,2015-04-20,131824.31,48888.67,Demotion
1161,325,2022-09-22,148563.91,89824.89,Hire
1162,481,2022-12-22,88473.71,127213.15,Market Adjustment
1163,318,2018-06-20,85521.84,142483.78,Annual Review
1164,274,2015-10-12,41562.24,140022.27,Market Adjustment
1165,485,2017-10-09,46037.5,174894.86,Market Adjustment
1166,276,2022-03-12,108723.59,133775.12,Demotion
1167,282,2021-04-21,41108.23,119055.73,Hire
1168,110,2015-04-20,86166.34,51510.9,Annual Review
1169,483,2021-10-31,187677.33,100067.85,Annual Review
1170,432,2022-01-03,180303.26,55990.09,Demotion
1171,432,2023-01-29,119774.64,177068.39,Promotion
1172,233,2024-03-27,111010.98,88655.11,Annual Review
1173,492,2020-10-22,116751.46,204384.76,Market Adjustment
1174,248,2019-08-07,85642.3,181146.49,Promotion
1175,413,2018-06-25,122365.81,166196.85,Promotion
1176,485,2019-10-03,157314.71,199472.35,Demotion
1177,322,2016-07-13,81800.29,164404.57,Market Adjustment
1178,103,2019-04-21,151185.16,81189.92,Annual Review
1179,8,2019-04-22,49451.69,207250.12,Annual Review
1180,118,2023-06-04,42276.22,62896.23,Annual Review
1181,392,2024-05-31,146161.85,116702.35,Market Adjustment
1182,346,2015-03-16,75633.27,143634.09,Promotion
1183,63,2025-03-18,189941.74,114391.22,Annual Review
1184,117,2019-04-16,147632.08,72346.63,Hire
1185,432,2024-12-20,149825.21,174002.17,Promotion
1186,81,2022-08-25,170057.53,181383.66,Hire
1187,87,2020-04-16,134921.65,98684.23,Market Adjustment
1188,180,2023-11-18,99636.39,191554.73,Promotion
1189,420,2017-09-27,56178.66,163027.12,Demotion
1190,141,2016-07-08,43500.01,129274.71,Market Adjustment
1191,350,2019-12-19,98734.57,88830.81,Demotion
1192,179,2019-02-08,101058.08,117677.63,Market Adjustment
1193,86,2019-07-16,174869.63,124167.94,Promotion
1194,170,2019-10-09,48707.71,127796.17,Promotion
1195,482,2019-04-30,55828.67,180246.17,Hire
1196,178,2019-03-29,137752.07,121159.64,Hire
1197,482,2019-11-24,166956.26,66642.56,Demotion
1198,167,2015-04-15,77434.2,103432.45,Promotion
1199,198,2021-05-19,76332.05,100125.06,Demotion
1200,390,2023-04-11,123036.47,53020.26,Demotion
1201,203,2019-10-26,61749.67,134091.95,Annual Review
1202,209,2021-02-24,51020.46,96149.23,Promotion
1203,191,2019-10-11,114411.84,54210.34,Annual Review
1204,235,2021-10-01,75380.32,68364.42,Demotion
1205,147,2018-10-17,168532.01,168035.41,Demotion
1206,153,2022-11-05,68015.95,133301.24,Demotion
1207,257,2024-06-15,177967.76,192631.19,Promotion
1208,37,2022-04-01,69507.86,191264.38,Demotion
1209,266,2015-07-12,162984.39,204467.75,Promotion
1210,138,2016-05-17,123148.13,73685.02,Promotion
1211,456,2019-08-06,189290.29,200892.08,Demotion
1212,296,2025-02-20,86674.72,78865.26,Demotion
1213,494,2019-04-16,140372.71,60799.45,Demotion
1214,240,2020-06-20,135098.11,189038.81,Market Adjustment
1215,271,2020-09-04,42007.32,190390.4,Market Adjustment
1216,492,2020-10-01,73582.11,78169.15,Promotion
1217,45,2016-12-27,56393.77,117315.42,Hire
1218,188,2022-04-03,154376.25,173536.28,Promotion
1219,421,2015-09-19,172602.53,156311.14,Hire
1220,131,2017-04-15,186206.93,156300.23,Annual Review
1221,262,2024-11-30,59067.21,77227.24,Hire
1222,80,2021-01-23,168381.13,65227.73,Promotion
1223,249,2015-11-02,93151.1,91878.65,Annual Review
1224,46,2021-04-14,70530.49,63140.13,Market Adjustment
1225,1,2023-11-02,131998.52,52259.13,Hire
1226,207,2022-08-25,44450.22,131576.24,Demotion
1227,356,2023-10-05,60771.28,114148.29,Market Adjustment
1228,303,2022-04-21,148020.89,72593.84,Demotion
1229,240,2016-01-01,51027.01,188529.71,Promotion
1230,167,2023-04-04,84072.4,53554.88,Annual Review
1231,405,2019-12-06,167420.08,126572.59,Promotion
1232,252,2023-05-15,120455.45,111881.59,Annual Review
1233,264,2018-07-24,185382.49,181711.02,Market Adjustment
1234,191,2016-11-25,52025.8,167168.84,Promotion
1235,53,2019-06-02,166206.65,110982.0,Demotion
1236,261,2022-06-23,102301.48,66668.19,Hire
1237,287,2021-02-27,41220.19,174395.52,Annual Review
1238,343,2023-03-26,173784.76,154207.27,Market Adjustment
1239,197,2016-01-06,133521.61,75317.72,Market Adjustment
1240,295,2023-08-24,145880.26,85427.31,Market Adjustment
1241,79,2017-10-30,153643.13,113238.54,Promotion
1242,16,2018-07-03,91953.83,85305.56,Hire
1243,138,2020-10-29,168655.49,151657.64,Promotion
1244,124,2022-09-17,93266.49,100663.59,Market Adjustment
1245,468,2020-10-23,65094.03,203863.01,Annual Review
1246,73,2025-02-23,184469.12,187267.56,Market Adjustment
1247,219,2022-04-05,145267.52,168688.05,Annual Review
1248,246,2015-07-06,182257.69,188783.06,Market Adjustment
1249,223,2017-12-16,48029.89,115109.31,Promotion
1250,284,2023-12-21,179338.37,203594.93,Market Adjustment
1251,490,2021-05-11,79553.01,159817.65,Demotion
1252,449,2021-01-27,54447.4,54269.43,Demotion
1253,189,2016-04-30,142649.26,87319.13,Annual Review
1254,141,2015-02-15,137039.57,68790.09,Annual Review
1255,106,2022-11-22,59345.79,77160.11,Market Adjustment
1256,202,2016-07-12,96270.23,98896.94,Hire
1257,173,2021-08-24,71410.49,174570.46,Demotion
1258,323,2020-04-17,104993.77,89394.56,Hire
1259,231,2023-08-19,43467.36,136903.92,Hire
1260,325,2024-08-27,165708.29,83220.0,Promotion
1261,281,2020-03-01,150548.15,133836.95,Market Adjustment
1262,488,2022-08-09,140340.37,59155.51,Market Adjustment
1263,127,2017-06-06,147352.62,54694.36,Promotion
1264,495,2025-01-15,173255.68,200385.99,Promotion
1265,418,2016-01-26,106128.32,62980.28,Hire
1266,13,2019-10-29,169279.52,185278.2,Market Adjustment
1267,453,2018-07-16,44408.66,72534.11,Hire
1268,407,2018-04-08,145839.74,156331.54,Market Adjustment
1269,43,2021-08-03,96736.84,171425.46,Demotion
1270,470,2017-09-14,103502.29,118693.52,Promotion
1271,380,2019-10-03,85871.38,119690.96,Demotion
1272,481,2023-10-29,147705.66,53472.27,Market Adjustment
1273,46,2024-11-22,89399.46,180440.58,Annual Review
1274,129,2024-06-30,138323.43,136195.36,Annual Review
1275,132,2016-02-21,185537.97,176343.98,Market Adjustment
1276,415,2020-05-01,178862.16,58150.18,Promotion
1277,132,2020-12-03,166561.63,71122.93,Promotion
1278,444,2023-03-03,179859.54,206558.13,Demotion
1279,368,2016-07-21,70086.6,199273.15,Hire
1280,436,2017-05-17,78853.41,160421.68,Annual Review
1281,256,2017-01-26,182196.81,194033.77,Promotion
1282,203,2018-09-27,118141.39,69381.02,Demotion
1283,220,2020-04-01,89834.39,170680.83,Demotion
1284,283,2020-08-23,140063.78,111878.24,Market Adjustment
1285,471,2018-04-03,165058.55,200567.01,Promotion
1286,8,2015-10-12,175647.56,60758.56,Promotion
1287,457,2021-12-06,75624.85,199306.43,Market Adjustment
1288,279,2020-07-29,110959.26,142542.33,Annual Review
1289,425,2017-03-29,135014.1,140690.6,Annual Review
1290,25,2015-03-07,41279.36,185468.01,Market Adjustment
1291,19,2020-12-30,172955.89,105844.73,Demotion
1292,493,2019-11-19,66067.44,185895.09,Promotion
1293,492,2020-06-26,105992.91,130909.37,Hire
1294,227,2020-01-16,165673.53,186570.81,Promotion
1295,374,2024-06-05,175672.32,80367.0,Demotion
1296,157,2015-12-27,139196.74,74212.65,Promotion
1297,295,2024-11-11,69877.25,86482.06,Promotion
1298,380,2019-06-19,76172.8,195908.36,Market Adjustment
1299,268,2020-01-18,174967.19,136575.95,Demotion
1300,137,2022-03-10,122454.66,103958.64,Annual Review
1301,356,2020-03-18,76380.66,158342.01,Hire
1302,411,2016-03-07,152780.31,106056.78,Promotion
1303,214,2023-12-30,44589.09,175681.18,Demotion
1304,360,2019-08-02,93148.52,78339.9,Annual Review
1305,17,2024-12-28,119255.88,54901.37,Hire
1306,39,2023-08-26,171831.64,110377.78,Promotion
1307,401,2019-01-20,139153.12,46769.97,Demotion
1308,241,2022-09-29,174867.11,155324.34,Hire
1309,263,2015-08-24,77636.03,68044.46,Promotion
1310,48,2018-09-29,72210.68,162238.52,Hire
1311,473,2017-01-16,85435.2,200685.48,Market Adjustment
1312,490,2024-05-29,101504.85,148223.03,Market Adjustment
1313,491,2024-07-26,87737.8,203122.9,Market Adjustment
1314,488,2021-10-14,142068.71,140558.99,Annual Review
1315,363,2024-02-14,127054.17,165591.07,Demotion
1316,496,2023-03-19,145649.89,187332.6,Promotion
1317,142,2023-03-30,107452.25,202368.8,Annual Review
1318,117,2021-11-01,106853.49,197689.01,Annual Review
1319,471,2023-03-28,54670.63,132507.5,Annual Review
1320,421,2018-08-14,50929.49,171586.49,Promotion
1321,437,2016-03-15,159833.93,74020.82,Annual Review
1322,23,2017-05-02,108323.58,116798.53,Annual Review
1323,52,2017-07-17,94487.7,99333.43,Promotion
1324,175,2018-07-09,157144.53,134760.04,Promotion
1325,412,2021-03-05,103805.96,58364.71,Annual Review
1326,451,2017-11-09,87245.76,181360.74,Annual Review
1327,497,2021-11-01,53609.63,67106.62,Market Adjustment
1328,85,2023-10-24,162361.63,149637.47,Market Adjustment
1329,475,2023-05-29,86100.69,135719.61,Annual Review
1330,445,2018-07-25,57471.96,151340.67,Market Adjustment
1331,113,2019-04-20,78636.49,91909.71,Demotion
1332,49,2018-08-06,134741.57,52636.73,Market Adjustment
1333,433,2017-06-17,125038.49,155198.89,Promotion
1334,360,2018-03-29,49585.71,83489.18,Market Adjustment
1335,463,2025-02-12,96807.13,67814.52,Annual Review
1336,181,2023-12-11,61668.27,115037.47,Hire
1337,265,2017-02-15,86156.27,198246.43,Annual Review
1338,164,2017-08-22,113315.86,115431.18,Market Adjustment
1339,80,2019-11-28,50409.49,125561.7,Promotion
1340,189,2015-01-07,55152.7,157714.67,Demotion
1341,348,2015-05-17,146314.42,183773.62,Annual Review
1342,124,2016-12-13,154848.04,74949.96,Promotion
1343,229,2015-10-02,49773.12,170966.99,Promotion
1344,113,2024-07-18,54203.68,57914.09,Annual Review
1345,353,2023-04-27,70493.49,74656.35,Demotion
1346,342,2017-06-06,68198.74,209969.17,Hire
1347,337,2023-03-29,76738.37,147381.39,Market Adjustment
1348,289,2016-03-17,83147.09,52178.24,Promotion
1349,319,2022-06-14,150404.82,143610.75,Market Adjustment
1350,270,2015-08-11,181276.54,63735.97,Demotion
1351,300,2018-06-10,189663.49,187190.52,Hire
1352,266,2021-05-03,177801.99,96332.91,Hire
1353,291,2017-04-08,164846.47,51935.35,Market Adjustment
1354,27,2015-10-17,84994.87,48990.18,Hire
1355,2,2022-11-30,136906.82,179624.45,Hire
1356,158,2022-11-08,158160.44,130204.11,Hire
1357,394,2021-03-03,107976.34,205671.29,Annual Review
1358,36,2017-11-20,58256.02,119686.48,Hire
1359,66,2018-06-11,136946.65,136093.31,Annual Review
1360,479,2025-01-15,140943.0,119041.68,Market Adjustment
1361,235,2024-03-31,170460.8,156150.81,Promotion
1362,16,2015-04-20,91417.41,115966.55,Annual Review
1363,481,2017-05-19,189029.58,60928.79,Promotion
1364,65,2021-10-26,80588.17,100295.8,Hire
1365,145,2020-05-14,152836.85,106265.8,Market Adjustment
1366,90,2023-08-17,137734.62,168240.41,Annual Review
1367,291,2015-01-09,118827.25,74297.67,Demotion
1368,47,2021-01-11,136307.91,127474.68,Promotion
1369,67,2024-06-26,143331.3,123914.29,Market Adjustment
1370,46,2023-01-24,168641.54,73201.24,Demotion
1371,339,2024-06-15,83003.88,160817.84,Annual Review
1372,287,2015-07-03,90478.1,202835.34,Market Adjustment
1373,258,2024-06-22,55090.11,68947.12,Demotion
1374,188,2020-11-19,154553.81,86096.54,Demotion
1375,350,2020-06-23,74863.32,91791.89,Market Adjustment
1376,245,2022-06-15,164349.47,179677.71,Promotion
1377,62,2020-05-11,143231.63,69108.19,Annual Review
1378,43,2020-07-28,79346.62,50890.68,Hire
1379,214,2020-01-28,165337.41,171163.2,Annual Review
1380,393,2021-11-17,43604.57,192904.37,Promotion
1381,119,2018-11-07,68392.52,56241.33,Hire
1382,157,2020-07-20,179652.14,114100.24,Market Adjustment
1383,437,2021-03-15,45337.58,174407.7,Hire
1384,108,2018-09-04,109532.37,80734.71,Demotion
1385,153,2019-10-15,125483.07,198392.48,Demotion
1386,88,2023-09-01,76158.64,83080.88,Market Adjustment
1387,184,2016-12-31,184872.36,48408.34,Hire
1388,35,2019-03-27,46245.87,202007.13,Demotion
1389,373,2022-05-09,159042.0,94551.11,Hire
1390,1,2015-09-29,161390.44,138939.31,Annual Review
1391,51,2018-07-15,184142.2,63475.08,Annual Review
1392,208,2018-08-24,156892.81,145127.58,Demotion
1393,36,2020-02-23,81362.08,143091.99,Annual Review
1394,438,2024-08-24,104533.73,121467.66,Market Adjustment
1395,142,2024-12-09,63943.98,119422.19,Market Adjustment
1396,385,2019-08-25,143304.99,122186.16,Demotion
1397,36,2024-07-26,130631.38,149783.46,Promotion
1398,455,2020-06-01,100352.93,196042.42,Promotion
1399,245,2021-01-23,128535.79,208909.93,Demotion
1400,331,2015-01-21,120129.75,185590.69,Annual Review
1401,398,2016-03-20,155079.49,62083.92,Demotion
1402,287,2020-03-22,82849.93,72661.4,Promotion
1403,78,2024-06-29,66788.13,66181.4,Hire
1404,138,2015-11-13,115632.21,128087.14,Promotion
1405,37,2024-01-04,64388.52,94850.56,Demotion
1406,348,2018-08-24,87394.04,177001.97,Demotion
1407,200,2016-08-10,93406.75,198637.17,Annual Review
1408,418,2016-10-25,52251.82,53335.16,Market Adjustment
1409,292,2017-10-18,93943.44,87386.56,Market Adjustment
1410,47,2020-07-23,138233.02,96377.79,Promotion
1411,3,2018-01-24,130161.85,143197.79,Annual Review
1412,309,2024-03-06,125394.77,77759.28,Market Adjustment
1413,319,2016-11-03,141267.73,193900.2,Hire
1414,160,2022-10-30,151360.68,113888.06,Demotion
1415,392,2015-06-11,96645.59,205931.27,Annual Review
1416,330,2022-06-26,149187.99,112035.75,Promotion
1417,446,2017-09-23,68317.25,177825.69,Promotion
1418,375,2022-04-26,72194.85,90074.65,Demotion
1419,10,2022-11-08,171053.53,59893.69,Market Adjustment
1420,73,2015-04-11,56781.62,51597.87,Annual Review
1421,320,2021-02-10,41486.39,198602.45,Demotion
1422,73,2022-11-19,88341.01,98703.13,Market Adjustment
1423,35,2023-05-08,99938.58,164532.44,Market Adjustment
1424,63,2019-02-17,74637.54,83723.6,Market Adjustment
1425,361,2017-10-21,113905.67,86221.04,Demotion
1426,199,2019-02-09,176073.05,94306.52,Promotion
1427,466,2020-07-26,51078.4,184215.64,Demotion
1428,106,2018-10-13,147320.69,116531.95,Demotion
1429,268,2021-07-21,134251.6,76309.06,Promotion
1430,132,2022-03-21,124468.44,95450.51,Market Adjustment
1431,31,2017-11-02,158561.45,177351.83,Demotion
1432,79,2018-02-24,92384.8,84656.14,Demotion
1433,259,2015-01-20,96612.08,170249.37,Demotion
1434,154,2018-08-19,53064.19,167723.78,Annual Review
1435,348,2016-06-14,110247.8,47937.1,Hire
1436,64,2015-04-13,177924.69,179583.1,Hire
1437,204,2018-09-05,181153.08,203507.44,Demotion
1438,34,2022-08-16,135217.29,204771.72,Demotion
1439,270,2020-10-04,122975.44,177755.36,Promotion
1440,362,2019-12-07,154194.36,204581.7,Annual Review
1441,339,2016-03-10,157531.32,130521.08,Promotion
1442,118,2017-05-05,67580.88,62197.22,Hire
1443,481,2017-05-05,100471.57,59131.28,Hire
1444,478,2020-06-25,51874.91,176809.88,Promotion
1445,385,2022-04-17,185568.75,70785.47,Demotion
1446,242,2020-07-14,152546.08,78104.83,Hire
1447,428,2022-07-03,181810.4,93846.88,Promotion
1448,356,2024-07-21,129940.45,161262.03,Market Adjustment
1449,119,2022-09-10,126200.46,139447.9,Demotion
1450,394,2017-01-13,93335.84,208381.93,Market Adjustment
1451,174,2018-01-18,68956.17,93067.93,Market Adjustment
1452,204,2015-09-27,145667.2,135395.79,Promotion
1453,173,2019-03-12,68504.77,120142.13,Annual Review
1454,495,2024-11-19,66071.82,51024.2,Annual Review
1455,303,2017-04-18,115838.84,180490.9,Annual Review
1456,10,2019-08-05,149541.93,94984.31,Annual Review
1457,194,2019-02-01,46909.14,164605.81,Hire
1458,168,2022-02-17,162246.99,94541.9,Demotion
1459,389,2016-05-31,124929.38,108532.86,Hire
1460,450,2022-01-18,69736.4,151006.21,Promotion
1461,87,2016-05-14,82184.39,89719.14,Hire
1462,294,2018-09-08,174639.92,201400.54,Market Adjustment
1463,59,2017-10-30,62481.62,177758.22,Promotion
1464,13,2019-09-19,130408.37,52264.16,Demotion
1465,398,2023-05-09,61142.59,142153.25,Promotion
1466,394,2016-02-22,74065.67,69535.91,Market Adjustment
1467,379,2021-01-04,131138.08,161741.03,Demotion
1468,253,2024-11-16,103652.14,68719.19,Market Adjustment
1469,136,2015-09-01,126835.04,103637.13,Demotion
1470,319,2019-10-25,125011.43,159075.33,Market Adjustment
1471,334,2021-08-19,180290.12,183620.46,Demotion
1472,32,2016-06-19,137182.39,181267.03,Demotion
1473,192,2015-08-20,100364.56,130180.83,Market Adjustment
1474,84,2023-02-01,167714.8,142904.53,Market Adjustment
1475,103,2018-07-26,60340.57,72647.88,Market Adjustment
1476,191,2019-03-02,95022.22,60865.6,Market Adjustment
1477,386,2024-02-07,124327.3,45670.65,Promotion
1478,347,2018-07-10,70725.4,46675.14,Annual Review
1479,146,2022-11-17,100512.8,68050.41,Annual Review
1480,319,2023-02-07,66882.58,112852.82,Promotion
1481,144,2019-12-03,152355.65,195116.79,Market Adjustment
1482,383,2020-08-04,52638.54,177487.65,Hire
1483,318,2024-09-12,155110.36,192483.15,Promotion
1484,10,2015-06-21,114961.55,95656.76,Demotion
1485,358,2019-02-28,153081.15,153686.73,Annual Review
1486,476,2022-07-20,126661.03,63795.19,Market Adjustment
1487,362,2022-02-17,149336.05,66673.52,Demotion
1488,39,2016-09-29,134599.13,94920.92,Promotion
1489,149,2017-04-03,75524.75,93668.53,Demotion
1490,145,2020-07-27,112866.43,98970.83,Market Adjustment
1491,99,2022-12-19,155851.86,123478.71,Annual Review
1492,484,2015-08-20,186190.4,154576.67,Promotion
1493,25,2015-08-28,64117.86,70371.48,Promotion
1494,421,2022-10-19,133633.69,45351.51,Hire
1495,383,2015-02-14,164725.68,195836.06,Annual Review
1496,127,2024-12-16,125058.91,66649.59,Hire
1497,442,2015-10-02,78951.97,62844.11,Promotion
1498,246,2015-12-19,146451.74,53703.14,Annual Review
1499,334,2016-12-16,47262.23,168426.3,Annual Review
1500,194,2018-03-15,138314.32,137336.92,Market Adjustment
